aa,Aa(Denmark),55.216423,9.978741000000001
aa,Aa(Indonesia),-3.0893,119.9104
aa,Aa(Norway),67.883333,12.983333
aa,Aa(Norway),68.783333,17.766667
aa hojrup,Aa Höjrup(Denmark),55.496623,9.973510000000001
aa junction,Aa Junction(United States of America),36.0797222,-90.9397222
aa westside mobile estates,AA Westside Mobile Estates(United States of America),46.0022222,-112.54166670000001
aaba,Aâba(Lebanon),34.35,35.8333333
aaba,Aaba(Chad),12.366666699999998,22.283333300000002
aaba kebire,Aaba Kébîré(Syrian Arab Republic),36.8666667,40.2333333
aaba serhire,Aaba Sérhîré(Syrian Arab Republic),36.85,40.2333333
aabaan weyn,Aabaan Weyn(Somalia),2.65,44.0166667
aabaan yare,Aabaan Yare(Somalia),2.6166667,44.033333299999995
aabarak,Aabarak(Somalia),3.0666667000000003,43.5
aabasen,Aabasen(Morocco),35.05,-4.5
aabasene,Aabasene(Morocco),35.05,-4.5
aabassiye,Aabâssîye(Lebanon),33.3,35.283333299999995
aabateine,Aabâteïne(Syrian Arab Republic),36.6666667,39.0166667
aabauerschaft,Aabauerschaft(Germany),52.083333,7.383333
aabayat,Aabayat(Philippines),15.7735,120.4038
aabb ej jinnate,Aabb ej Jinnâte(Syrian Arab Republic),35.45,37.1166667
aabb el khazne,Aabb el Khazné(Syrian Arab Republic),35.4166667,37.1166667
aabba,Aabba(Lebanon),33.3597222,35.4027778
aabba,Aabba(Syrian Arab Republic),34.966666700000005,35.8833333
aabbade,Aabbâdé(Syrian Arab Republic),33.5,36.5666667
aabbassiye,Aabbâssîyé(Lebanon),33.3,35.283333299999995
aabbassiye,Aabbâssîyé(Syrian Arab Republic),34.5833333,37.0
aabboud,Aabboûd(Lebanon),34.1,35.85
aabboudiye,Aabboûdîyé(Lebanon),34.6333333,36.1166667
aabboudiye,Aabboûdîyé(Syrian Arab Republic),34.35,36.8666667
aabd ech cheikh,Aabd ech Cheïkh(Syrian Arab Republic),36.5166667,38.95
aabd el fattah,Aabd el Fattâh(Lebanon),33.6666667,35.85
aabdekliye,Aabdéklîyé(Syrian Arab Republic),36.466666700000005,38.3666667
aabdet biche,Aabdet Bîché(Syrian Arab Republic),35.8,37.4333333
aabdille,Aabdillé(Lebanon),34.2,35.716666700000005
aabdilli,Aabdilli(Lebanon),34.2,35.716666700000005
aabdine,Aabdîne(Lebanon),34.2727778,35.887222200000004
aabdine,Aâbdine(Syrian Arab Republic),32.7666667,35.8166667
aabdou,Aabdou(Syrian Arab Republic),36.4333333,38.966666700000005
aabeidat,Aabeïdât(Lebanon),34.1666667,35.716666700000005
aabeidate,Aabeïdâte(Lebanon),34.1666667,35.716666700000005
aabenraa,Aabenraa(Denmark),55.03621700000001,9.417999
aaber beit sif,Aâber Beït Sîf(Syrian Arab Republic),35.3666667,36.3
aabey,Aabey(Lebanon),33.735,35.52444439999999
aabjaerg,Aabjærg(Denmark),55.492679,9.998724000000001
aabjerg,Aabjerg(Denmark),55.492679,9.998724000000001
aabjorgan,Aabjörgan(Norway),65.016667,12.75
aabla,Aabla(Estonia),59.5641667,25.535555600000002
aabla,Aablâ(Lebanon),34.15,36.2666667
aable,Aablé(Syrian Arab Republic),36.4166667,37.35
aabo,Aabo(Denmark),56.124066000000006,10.041919
aabol,Aabøl(Denmark),55.233332999999995,9.133333
aabol,Aabol(Norway),59.166667000000004,10.216667
aabom,Aabom(Nigeria),4.791233999999999,7.193594999999999
aaboud,Aâboud(Morocco),35.123179,-4.4390540000000005
aabow,Aabow(Somalia),3.0333333,44.1666667
aabra,Aabra(Lebanon),33.5666667,35.4047222
aabra,Aâbra(Syrian Arab Republic),37.0275,41.7863889
aabreita,Aabreïta(Syrian Arab Republic),36.15,36.65
aabreite,Aabreïté(Syrian Arab Republic),36.1333333,36.5166667
aabrine,Aabrîne(Lebanon),34.25,35.7
aabtine,Aabtîne(Syrian Arab Republic),36.05,37.1166667
aaby,Aaby(Denmark),56.14836999999999,10.165934
aaby,Aaby(Denmark),57.166667000000004,9.75
aabybro,Aabybro(Denmark),57.15,9.75
aabyhoj,Aabyhöj(Denmark),56.159349,10.157038
aabyskov,Aabyskov(Denmark),55.068757,10.735146
aach,Aach(Germany),47.85,8.85
aach,Aach(Germany),47.516667,9.966667
aach,Aach(Germany),49.783333,6.6
aach-linz,Aach-Linz(Germany),47.9,9.2
aachach,Aachâch(Lebanon),34.4152778,35.9352778
aacharheu tachleuk,Aacharheu Tachleuk(Syrian Arab Republic),36.7666667,38.5166667
aacharne,Aachârné(Syrian Arab Republic),35.2666667,36.4
aachchet charqiye,Aachchet Charqîyé(Syrian Arab Republic),34.5,38.3166667
aache,Aache(Syrian Arab Republic),32.966666700000005,35.8666667
aachen,Aachen(Germany),50.770833,6.105278
aachen-rothe erde,Aachen-Rothe Erde(Germany),50.766667,6.133333
aacheq omar,Aâcheq Omar(Syrian Arab Republic),34.95,36.3166667
aachini,Aachini(Syrian Arab Republic),36.216666700000005,37.9
aachiran,Aâchiran(Morocco),35.06,-4.36
aachour,Aachour(Morocco),31.300264000000002,-7.215594
aachqane,Aachqâne(Syrian Arab Republic),36.8166667,38.466666700000005
aachqout,Aachqoût(Lebanon),33.9833333,35.7
aachqoute,Aachqoûte(Lebanon),33.9833333,35.7
aad la macta,Aad La Macta(Algeria),35.779444399999996,-0.1291667
aada,Aada(Pakistan),32.096855,75.060412
aadal,Aadal(Denmark),55.816667,9.466667
aadalsbruk,Aadalsbruk(Norway),60.783333,11.3
aadami,Aadami(Estonia),58.25027779999999,26.8808333
aadan harmey,Aadan Harmey(Somalia),1.4333333000000001,43.9166667
aadan nuur,Aadan Nuur(Somalia),1.8333332999999998,44.6333333
aadan waraabow,Aadan Waraabow(Somalia),3.5833333,43.8666667
aadan yabaal,Aadan Yabaal(Somalia),3.7833333,46.25
aadaouane,Aadaouâne(Syrian Arab Republic),32.8166667,35.9833333
aadassiye,Aadassîyé(Syrian Arab Republic),35.8166667,36.216666700000005
aadbel,Aadbel(Lebanon),34.533333299999995,36.1
aadchit,Aadchît(Lebanon),33.3472222,35.4236111
aadchit el qoussair,Aadchît el Qoussaïr(Lebanon),33.283333299999995,35.4833333
aadchite,Aadchîte(Lebanon),33.3472222,35.4236111
aaddaye,Aaddâyé(Syrian Arab Republic),36.716666700000005,40.8333333
aaderup,Aaderup(Denmark),55.220427,11.73963
aadi noia,Aadi Noia(Ethiopia),13.8,39.833333
aadland,Aadland(Norway),60.36666700000001,5.483333
aadliye,Aâdlîyé(Syrian Arab Republic),33.3666667,36.3333333
aadloun,Aadloun(Lebanon),33.4038889,35.273888899999996
aadma,Aadma(Estonia),58.798333299999996,22.6638889
aadma asundus,Aadma Asundus(Estonia),58.798333299999996,22.6638889
aadmoun,Aadmoûn(Lebanon),34.15,35.65
aadneram,Aadneram(Norway),59.016667000000005,6.933333
aadneskaar,Aadneskaar(Norway),58.083332999999996,6.983333
aadorf,Aadorf(Switzerland),47.492721,8.898325999999999
aadorp,Aadorp(Netherlands),52.374006,6.61527
aadouane,Aadouâne(Syrian Arab Republic),32.8166667,35.9833333
aadoui,Aadoui(Lebanon),34.45,35.9833333
aadouiye,Aadouîyé(Lebanon),34.5833333,36.1833333
aadouss,Aadoûss(Lebanon),33.5125,35.601388899999996
aadra,Aadra(Syrian Arab Republic),33.6166667,36.5
aadzi,Aadzi(Turkmenistan),38.1,64.85
aaen,Aaen(Norway),62.983332999999995,9.75
aaenget,Aaenget(Norway),66.31666700000001,14.233332999999998
aaerne,Aaerne(Faroe Islands),62.25,-6.5666667
aafarnes,Aafarnes(Norway),62.666667000000004,7.516667
aafoss,Aafoss(Norway),59.2,9.533333
aafrine,Aafrîne(Syrian Arab Republic),36.2333333,37.3333333
aafrite,Aafrîte(Syrian Arab Republic),36.9333333,40.7
aafsadiq,Aafsadîq(Lebanon),34.3316667,35.786666700000005
aafsdiq,Aafsdîq(Lebanon),34.3316667,35.786666700000005
aafsouniye,Aafsoûnîyé(Syrian Arab Republic),34.9,36.0833333
aag,Aag(Norway),66.716667,13.466667000000001
aagaard,Aagaard(Denmark),55.583332999999996,9.433333
aageby,Aageby(Denmark),54.759437,11.294811
aagedal,Aagedal(Norway),58.4,7.4166669999999995
aagerup,Aagerup(Denmark),55.72121800000001,12.330954
aagerup,Aagerup(Denmark),55.488513,11.90632
aagoubt,Aâgoubt(Morocco),30.560234,-6.134766
aagskardet,Aagskardet(Norway),66.716667,13.466667000000001
aagskaret,Aagskaret(Norway),66.716667,13.466667000000001
aagtdorn,Aagtdorn(Netherlands),52.690802000000005,4.700756
aagtdorp,Aagtdorp(Netherlands),52.690802000000005,4.700756
aagtekerke,Aagtekerke(Netherlands),51.546737,3.512182
aaguil,Aaguil(Morocco),35.049248,-4.93737
aahire,Aâhiré(Syrian Arab Republic),32.8833333,36.466666700000005
aaichiye,Aaichiye(Lebanon),33.4097222,35.5597222
aaidamoun,Aaïdamoun(Lebanon),34.15,35.65
aaien,Aaien(Netherlands),51.585338,6.041093
aaigem,Aaigem(Belgium),50.883333,3.933333
aaiha,Aaïha(Lebanon),33.4997222,35.8733333
aaijen,Aaijen(Netherlands),51.585338,6.041093
aailiyine,Aaïliyine(Morocco),35.777892,-5.417377
aaimar,Aaïmâr(Lebanon),34.35,35.966666700000005
aaintoura,Aaïntoûra(Lebanon),33.8858333,35.7747222
aaintourine,Aaïntoûrîne(Lebanon),34.2858333,35.95444439999999
aaita,Aaita(Finland),64.733333,26.3
aaita el foukhar,Aaïta el Foukhâr(Lebanon),33.6333333,35.9
aaita ez zott,Aaïta ez Zott(Lebanon),33.1736111,35.408333299999995
aaitanit,Aaïtanît(Lebanon),33.5613889,35.6691667
aaitaniya,Aaitaniya(Lebanon),33.35,35.25
aaium,Aaium(Western Sahara),27.153611100000003,-13.2033333
aaiun,Aaiún(Western Sahara),27.153611100000003,-13.2033333
aaiyat,Aaïyât(Lebanon),34.533333299999995,36.2
aajaja,Aajaja(Syrian Arab Republic),36.25,40.7666667
aajaltoun,Aajaltoûn(Lebanon),33.966666700000005,35.6833333
aajami,Aajami(Syrian Arab Republic),32.7333333,35.9833333
aajami,Aajami(Syrian Arab Republic),36.466666700000005,37.7
aajeilate,Aajeïlâte(Syrian Arab Republic),32.7666667,36.783333299999995
aajeltoun,Aajeltoûn(Lebanon),33.966666700000005,35.6833333
aajjaz,Aajjâz(Syrian Arab Republic),35.6166667,36.9166667
aajjel,Aajjel(Syrian Arab Republic),36.1833333,36.9166667
aajjoura,Aajjoûra(Syrian Arab Republic),36.0833333,37.9166667
aajpur,Aajpur(India),32.491207,74.755827
aajuolahti,Aajuolahti(Russian Federation),65.083333,30.45
aakaa,Aakaa(Nigeria),7.066667,8.933333
aakae,Aakae(Solomon Islands),-9.05,161.2
aakaer,Aakær(Denmark),56.466667,9.0
aakakir,Aakâkîr(Syrian Arab Republic),34.9333333,36.45
aakar,Aakar(Lebanon),34.55,36.0833333
aakaru,Aakaru(Estonia),58.26027779999999,26.656944399999997
aakb el bellene,Aakb el Bellene(Lebanon),34.216666700000005,35.8
aaker,Aaker(Norway),60.55,8.266667
aaker,Aaker(Norway),66.166667,12.566667
aakeroen,Aakeröen(Norway),66.15,12.55
aakerviken,Aakerviken(Norway),65.716667,13.95
aakfor,Aakfor(Lebanon),34.2,35.8333333
aakiba,Aakiba(Syrian Arab Republic),36.4333333,36.966666700000005
aakil,Aakil(Morocco),35.32182,-5.176871
aakip,Aakip(Palau),7.3619444000000005,134.5122222
aakirkeby,Aakirkeby(Denmark),55.068666,14.925412
aakjaer,Aakjær(Denmark),56.466667,9.0
aakkar el aatiqa,Aakkar el Aatîqa(Lebanon),34.533333299999995,36.2333333
aakkari,Aakkari(Lebanon),34.533333299999995,36.2333333
aakkari,Aakkâri(Syrian Arab Republic),34.6666667,36.1833333
aakkour,Aakkour(Lebanon),34.533333299999995,36.05
aakla,Aakla(Estonia),58.8208333,24.9163889
aaklangberget,Aaklangberget(Norway),60.1,12.116667
aaknes,Aaknes(Norway),68.966667,15.45
aakobar,Aakôbar(Syrian Arab Republic),33.7333333,36.466666700000005
aakoinen,Aakoinen(Finland),60.38333299999999,22.65
aakra,Aakra(Norway),59.783333,6.1
aakrak,Aakrak(Syrian Arab Republic),35.85,35.8833333
aakre,Aakre(Estonia),58.101388899999996,26.1944444
aakre,Aakre(Norway),61.716667,11.2
aakre,Aakre(Norway),60.45,6.733333
aakre asundus,Aakre Asundus(Estonia),58.101388899999996,26.1944444
aakrehamn,Aakrehamn(Norway),59.266667000000005,5.183333
aakvaag,Aakvaag(Norway),58.66805600000001,9.184167
aakvik,Aakvik(Norway),63.333332999999996,8.466667
aakvik,Aakvik(Norway),65.166667,12.283333
aakyor,Aakyor(Nigeria),7.05,8.683333
aal,Aal(Norway),60.63333299999999,8.566667
aal,Aal(Norway),60.35,10.583333
aala,Aala(Vanuatu),-15.1,167.06666669999998
aalalech,Aalalech(Morocco),34.943421,-5.03303
aalamdar,Aalamdâr(Syrian Arab Republic),36.716666700000005,36.7333333
aalampur,Aalampur(Pakistan),30.365026,71.566964
aalanden,Aalanden(Netherlands),52.533343,6.1006849999999995
aalane,Aâlane(Morocco),31.51332,-7.37332
aalanganjar,Aalanganjar(Indonesia),-7.4009,112.796
aalatsivik,Aalatsivik(Greenland),68.16666670000001,-52.8333333
aalbaek,Aalbæk(Denmark),56.614794999999994,8.735717
aalbaek,Aalbæk(Denmark),57.59253199999999,10.404556
aalbaek,Aalbæk(Denmark),55.486788,8.641679
aalbeek,Aalbeek(Netherlands),50.902252000000004,5.8503989999999995
aalbeke,Aalbeke(Belgium),50.783333,3.2166669999999997
aalborg,Aalborg(Denmark),57.035498,9.941163000000001
aalbroek,Aalbroek(Belgium),50.933333000000005,3.666667
aalbu,Aalbu(Norway),62.61666700000001,9.5
aalburg,Aalburg(Netherlands),51.757179,5.130262999999999
aalden,Aalden(Netherlands),52.791717000000006,6.718317
aaldering,Aaldering(Germany),52.483332999999995,7.033333
aalderink,Aalderink(Germany),52.483332999999995,7.033333
aaldonk,Aaldonk(Netherlands),51.713509,6.000237
aale,Aalé(Côte d'Ivoire),7.365278,-5.734444
aale,Aale(Denmark),55.886748,9.562053
aale,Aale(Denmark),56.88353000000001,9.220723
aalebaek,Aalebæk(Denmark),57.012167000000005,10.26062
aalebaek,Aalebæk(Denmark),54.996916000000006,12.458776
aalebaek huse,Aalebæk Huse(Denmark),57.012167000000005,10.26062
aalefjaer,Aalefjær(Norway),58.233332999999995,8.033333
aalen,Aalen(Germany),48.833333,10.1
aalen,Aalen(Norway),61.466667,5.4166669999999995
aalen,Aalen(Norway),62.85,11.283333
aaleskov,Aaleskov(Denmark),56.499966,8.773005
aalestrup,Aalestrup(Denmark),56.694701,9.493357000000001
aalesund,Aalesund(Norway),62.466667,6.15
aaley,Aaley(Lebanon),33.8066667,35.599444399999996
aalfang,Aalfang(Austria),48.833333,15.066667
aalfoten,Aalfoten(Norway),61.833332999999996,5.6666669999999995
aalgaard,Aalgaard(Norway),58.766667000000005,5.85
aalgana,Aalgâna(Syrian Arab Republic),36.216666700000005,37.6333333
aali badrane,Aali Badrâne(Syrian Arab Republic),37.061111100000005,41.7341667
aali bajliye,Aali Bajlîyé(Syrian Arab Republic),36.533333299999995,38.9833333
aali enn nahri,Aali enn Nahri(Lebanon),33.85,36.0166667
aali farro,Aali Farro(Syrian Arab Republic),37.0166667,41.0833333
aali koz,Aali Kôz(Syrian Arab Republic),37.055555600000005,41.781111100000004
aali qorane,Aali Qorâne(Syrian Arab Republic),36.95,40.8
aalia,Aalia(Saudi Arabia),19.619748,41.971410999999996
aalidji,Aalidji(Syrian Arab Republic),36.5666667,37.466666700000005
aalio,Aalio(Syrian Arab Republic),35.7,36.1166667
aalissa,Aalîssa(Syrian Arab Republic),36.2333333,37.75
aalita,Aâlîtâ(Lebanon),34.0833333,35.6833333
aaliyate,Aaliyâte(Syrian Arab Republic),34.533333299999995,36.8333333
aaliye,Aalîyé(Syrian Arab Republic),36.9833333,40.45
aaliye,Aalîyé(Syrian Arab Republic),35.2666667,36.0
aaliye,Aalîyé(Syrian Arab Republic),34.966666700000005,35.9833333
aaljoki,Aaljoki(Finland),60.25,23.266667
aalkaer,Aalkær(Denmark),55.259955000000005,9.119973
aalkorb,Aalkorb(Germany),49.866667,11.333333
aallaakh,Aallaakh(Russian Federation),60.733332999999995,131.6
aallani,Aallâni(Syrian Arab Republic),36.1666667,36.3833333
aalling,Aalling(Denmark),55.733123,8.747605
aalma,Aalma(Lebanon),34.4333333,35.9
aalma,Aalma(Syrian Arab Republic),32.7483333,36.2416667
aalma ech chaab,Aalma ech Chaab(Lebanon),33.1041667,35.18
aalmane,Aalmâne(Lebanon),33.3,35.466666700000005
aalmane,Aalmâne(Lebanon),33.5833333,35.4
aalmane ed daiaa,Aalmâne ed Daïaa(Lebanon),33.6,35.4
aalmate,Aalmâte(Lebanon),34.1166667,35.783333299999995
aalmine,Aalmîne(Syrian Arab Republic),32.9833333,35.6166667
aalmo,Aalmo(Norway),63.2,8.433333
aalo,Aalo(Norway),58.05,7.7
aalokke,Aalökke(Denmark),55.33619300000001,10.714516
aalose,Aaløse(Denmark),55.138647,14.966378
aaloua,Aaloua(Syrian Arab Republic),35.95,40.85
aalouannk,Aalouannk(Syrian Arab Republic),37.0777778,41.9327778
aalougoum,Aalougoum(Morocco),29.8,-9.25
aalouine,Aalouîne(Syrian Arab Republic),34.5,37.216666700000005
aalouk,Aalouk(Morocco),29.72,-9.84
aalouq charqi,Aaloûq Charqi(Syrian Arab Republic),36.85,40.1333333
aalouq rharbi,Aaloûq Rharbi(Syrian Arab Republic),36.85,40.1333333
aalqine,Aalqîne(Syrian Arab Republic),33.2333333,36.2666667
aalqine,Aâlqîne(Syrian Arab Republic),35.1333333,35.966666700000005
aalsbo,Aalsbo(Denmark),55.413031999999994,10.005239999999999
aalset,Aalset(Norway),60.9,10.316667
aalsgaard,Aalsgaard(Denmark),56.075593000000005,12.53995
aalsgaarde,Aalsgaarde(Denmark),56.075593000000005,12.53995
aalsmeer,Aalsmeer(Netherlands),52.266667,4.766667
aalsmeerderbrug,Aalsmeerderbrug(Netherlands),52.270428,4.749978
aalso,Aalsö(Denmark),56.371725,10.847652
aalsrode,Aalsrode(Denmark),56.347418999999995,10.863365
aalst,Aalst(Belgium),50.766667,4.866667
aalst,Aalst(Belgium),50.783333,5.2
aalst,Aalst(Belgium),50.933333000000005,4.033333
aalst,Aalst(Netherlands),51.783088,5.127764
aalst,Aalst(Netherlands),51.4,5.483333
aalst sint-pieter,Aalst Sint-Pieter(Belgium),51.033333,3.7
aalst-saint pierre,Aalst-Saint Pierre(Belgium),51.033333,3.7
aalstad,Aalstad(Norway),67.915,15.175832999999999
aalstrup,Aalstrup(Denmark),55.900488,10.118348
aalstrup,Aalstrup(Denmark),57.283531999999994,10.022250999999999
aalsum,Aalsum(Netherlands),53.340351,6.006151
aalsum,Aalsum(Netherlands),53.30770699999999,6.370865
aaltebei,Aaltebei(Belgium),51.1,3.5
aalten,Aalten(Netherlands),51.92597,6.58045
aalter,Aalter(Belgium),51.083333,3.45
aalterbei,Aalterbei(Belgium),51.1,3.5
aalterburg,Aalterburg(Belgium),51.1,3.433333
aalum,Aalum(Denmark),56.453151,9.832953999999999
aalvik,Aalvik(Norway),60.433333,6.433333
aalykke,Aalykke(Denmark),55.33619300000001,10.714516
aalzum,Aalzum(Netherlands),53.340351,6.006151
aam,Aam(Netherlands),51.917457,5.868904
aam tam,Aàm Tâm(Viet Nam),10.716667,107.86666699999999
aamair el buied,Aamair el Buied(Morocco),35.163246,-5.9304440000000005
aamar,Aamâr(Lebanon),34.35,35.966666700000005
aamar el beikate,Aamâr el Beïkâte(Lebanon),34.6166667,36.1666667
aamar el bikat,Aamâr el Bikât(Lebanon),34.6166667,36.1666667
aamara,Aamara(Lebanon),34.533333299999995,36.0
aamaret el bikat,Aamaret el Bikat(Lebanon),34.6166667,36.1666667
aamarne,Aamârné(Syrian Arab Republic),36.6666667,38.0166667
aamarne faouqani,Aamârné Faouqâni(Syrian Arab Republic),36.6666667,38.0166667
aamarne tahtani,Aamârné Tahtâni(Syrian Arab Republic),36.6666667,38.0666667
aamatour,Aamâtour(Lebanon),33.6397222,35.60805560000001
aamayer,Aâmayer(Morocco),35.096986,-4.2254
aamba,Aamba(Congo),0.766667,20.716667
aamba,Aamba(Zaire),0.7666666999999999,20.716666699999998
aamchite,Aamchite(Lebanon),34.15,35.65
aamdal,Aamdal(Norway),58.13333299999999,6.683333
aamdals vaerk,Aamdals Værk(Norway),59.36666700000001,8.05
aamelfot,Aamelfot(Norway),62.016667000000005,5.85
aamer,Aâmer(Syrian Arab Republic),36.033333299999995,38.1333333
aaminaay,Aaminaay(Somalia),2.3,42.3333333
aamire,Aâmire(Morocco),35.089843,-3.024066
aamland,Aamland(Norway),58.566667,7.866667
aamland,Aamland(Norway),58.36666700000001,6.983333
aamli,Aamli(Norway),58.983332999999995,9.85
aammariye,Aammârîye(Lebanon),33.8833333,35.5833333
aammatour,Aammâtour(Lebanon),33.6397222,35.60805560000001
aammiq,Aammiq(Lebanon),33.7125,35.7608333
aammiq,Aammîq(Lebanon),33.716666700000005,35.5833333
aammoun,Aammoûn(Syrian Arab Republic),35.2,37.4833333
aammourine,Aammoûrîne(Syrian Arab Republic),35.3166667,36.3833333
aamnes,Aamnes(Norway),66.783333,13.35
aamot,Aamot(Norway),59.85,11.666667
aamot,Aamot(Norway),59.9,9.9
aamot,Aamot(Norway),61.13333299999999,11.383333
aamot,Aamot(Norway),60.65,9.966667
aamot,Aamot(Norway),58.35,6.316667
aamot,Aamot(Norway),61.61666700000001,6.733333
aamot-modum,Aamot-Modum(Norway),59.9,9.9
aamoud,Aâmoûd(Syrian Arab Republic),35.3666667,36.1333333
aamoud,Aâmoûd(Syrian Arab Republic),35.95,36.35
aamouda,Aâmoûda(Syrian Arab Republic),37.1041667,40.93
aamoudi,Aâmoûdi(Syrian Arab Republic),35.0666667,36.1333333
aamoudiye,Aâmoûdîyé(Syrian Arab Republic),32.9,35.7333333
aamoudiye,Aâmoûdîyé(Syrian Arab Republic),35.1166667,36.0833333
aamoyhamn,Aamöyhamn(Norway),66.75,13.25
aamqa,Aamqa(Lebanon),33.2458333,35.444444399999995
aamqiye,Aamqiyé(Syrian Arab Republic),35.5666667,36.3833333
aamra,Aamra(Lebanon),33.283333299999995,35.6
aamra,Aamra(Lebanon),34.3169444,36.1016667
aamret el freij,Aamret el Freïj(Syrian Arab Republic),32.85,35.7
aamriye,Aamrîyé(Syrian Arab Republic),34.6333333,36.5
aamse,Aamse(Estonia),58.9305556,23.7116667
aamsi,Aamsi(Estonia),58.9305556,23.7116667
aamsosen,Aamsosen(Norway),59.466667,5.716667
aamzit,Aamzît(Lebanon),34.2333333,36.3666667
aan,Aan(Indonesia),-6.933333,139.966667
aan 't holven,Aan 't Holven(Belgium),51.05,5.616667
aan 't hoolven,Aan 't Hoolven(Belgium),51.05,5.616667
aan de berg,Aan de Berg(Netherlands),51.09645,5.987388
aan de bergen,Aan de Bergen(Netherlands),51.265248,5.871793
aan de bunders,Aan de Bunders(Belgium),50.933333000000005,5.233333
aan de doorns,Aan de Doorns(South Africa),-33.698318,19.490467000000002
aan de kippen,Aan de Kippen(Belgium),51.15,5.466667
aan de luyssen,Aan de Luyssen(Belgium),51.183333000000005,5.633333
aan de maas,Aan de Maas(Netherlands),50.928189,5.738892
aan de popelaar,Aan de Popelaar(Netherlands),51.054987,5.941484
aan de school,Aan de School(Netherlands),51.06223,5.96718
aan de steenoven,Aan de Steenoven(Belgium),51.05,5.3
aan de vreenen,Aan de Vreenen(Belgium),51.1,5.433333
aan de vrenen,Aan de Vrenen(Belgium),51.1,5.433333
aan de wolfsberg,Aan de Wolfsberg(Belgium),51.0,5.483333
aan de zuwe,Aan de Zuwe(Netherlands),52.171395000000004,4.901829
aan den nieuwen vijver,Aan den Nieuwen Vijver(Belgium),50.983333,5.283333
aan den steenoven,Aan den Steenoven(Belgium),51.05,5.3
aan het broek,Aan het Broek(Netherlands),51.133333,6.0833330000000005
aan reijans,Aan Reijans(Netherlands),51.04923,5.928799
aana,Aâna(Lebanon),33.6833333,35.75
aana-sira,Aana-Sira(Norway),58.3,6.433333
aanaar,Aanaar(Finland),68.9,27.016666999999998
aanadane,Aanadâne(Syrian Arab Republic),36.283333299999995,37.033333299999995
aanadane ech chih,Aanadâne ech Chîh(Syrian Arab Republic),35.783333299999995,37.1666667
aanane,Aanâne(Lebanon),33.5652778,35.506944399999995
aananib,Aanânîb(Syrian Arab Republic),35.5166667,36.1333333
aanaye,Aanâyé(Lebanon),33.561111100000005,35.383888899999995
aanaz,Aanaz(Syrian Arab Republic),34.7333333,36.3
aanbal,Aanbâl(Lebanon),33.6666667,35.5666667
aancud,Aancud(Morocco),34.93,-4.98
aandal,Aandal(Norway),62.86666700000001,7.566667
aandalen,Aandalen(Norway),60.75,10.566667
aandara,Aandâra(Syrian Arab Republic),36.466666700000005,36.8666667
aandenk,Aandenk(South Africa),-31.712196000000002,25.63099
aandepoppelaar,Aandepoppelaar(Netherlands),51.054987,5.941484
aandervaag,Aandervaag(Norway),68.916667,17.166667
aandqet,Aandqet(Lebanon),34.5833333,36.3
aandu,Aandu(Estonia),59.1544444,24.7238889
aaneby,Aaneby(Norway),60.083332999999996,10.866667
aanekoski,Äänekoski(Finland),62.6,25.733333
aaneland,Aaneland(Norway),58.583332999999996,7.866667
aaneq al haoua,Aaneq al Haoua(Syrian Arab Republic),34.783333299999995,37.033333299999995
aaneq baiarra,Aaneq Baïarra(Syrian Arab Republic),35.283333299999995,37.1666667
aaneq el haoua,Aaneq el Haoua(Syrian Arab Republic),34.783333299999995,37.033333299999995
aanerne,Aanerne(Faroe Islands),62.25,-6.5666667
aanes,Aanes(Norway),65.9,13.45
aanes,Aanes(Norway),64.43333299999999,13.466667000000001
aangel,Aangel(Nigeria),7.366667,8.583333
aangenaam,Aangenaam(South Africa),-33.492996999999995,22.650004
aangewysd,Aangewysd(South Africa),-26.290828,29.275429
aangstad,Aangstad(Norway),68.516667,14.733332999999998
aanhimaki,Aanhimäki(Finland),63.25,22.766667
aanhou,Aanhou(South Africa),-30.533406,26.992765000000002
aanislag,Aanislag(Philippines),13.0748,123.70299999999999
aaniss,Aaniss(Syrian Arab Republic),36.8833333,41.0833333
aanjar,Aanjar(Lebanon),33.7258333,35.9297222
aankibane,Aankîbâne(Syrian Arab Republic),36.2666667,37.9166667
aankomst,Aankomst(South Africa),-26.987959999999998,29.739675
aannabe,Aannabé(Syrian Arab Republic),35.5166667,39.9166667
aannabiye,Aannâbîyé(Syrian Arab Republic),34.85,35.9166667
aannaqiyet miri,Aannâqîyet Miri(Syrian Arab Republic),35.55,35.9833333
aannaqiyet tchiftlik,Aannâqîyet Tchiftlik(Syrian Arab Republic),35.55,35.9833333
aannaya,Aannâya(Lebanon),34.1166667,35.75
aannaze,Aannâzé(Syrian Arab Republic),35.9833333,37.466666700000005
aannaze,Aannâzé(Syrian Arab Republic),35.0,35.95
aannbal,Aannbâl(Lebanon),33.6666667,35.5666667
aanndaqatt,Aanndaqatt(Lebanon),34.5833333,36.3
aannerud,Aannerud(Norway),60.183333,11.883333
aannestad,Aannestad(Norway),59.5,9.866667
aannjara,Aannjâra(Syrian Arab Republic),36.216666700000005,36.9333333
aannkaoui,Aannkâoui(Syrian Arab Republic),35.6,36.3833333
aannkibane,Aannkîbâne(Syrian Arab Republic),36.2666667,37.9166667
aannouz,Aannoûz(Syrian Arab Republic),35.3666667,37.1666667
aanntariye,Aanntârîyé(Syrian Arab Republic),36.6833333,40.8
aannzaouiye,Aannzaouiyé(Syrian Arab Republic),36.5833333,38.1833333
aanosusura,Aanosusura(Solomon Islands),-8.666666699999999,160.8666667
aanout,Aanout(Lebanon),33.6333333,35.5166667
aanoute,Aânoûte(Lebanon),33.6333333,35.5166667
aanqoun,Aanqoûn(Lebanon),33.5002778,35.4297222
aanschot,Aanschot(Netherlands),51.479084,5.475876
aanshu,Aanshu(Korea (Democratic People's Republic of)),39.6177778,125.6647222
aanstad,Aanstad(Norway),68.533333,14.7
aanstad,Aanstad(Norway),68.82055600000001,17.199167000000003
aansvik,Aansvik(Norway),67.45,15.483332999999998
aantaara,Aantaara(Somalia),11.441388900000002,49.55305560000001
aantoura,Aantoûra(Lebanon),33.8858333,35.7747222
aantoura,Aantoûra(Lebanon),33.95,35.6333333
aanum,Aanum(Denmark),55.941421999999996,8.544974
aanwas,Aanwas(Netherlands),51.393149,4.316038
aaouachiye,Aaouachiyé(Syrian Arab Republic),36.55,37.4166667
aaouadi,Aaouadi(Lebanon),34.6333333,36.3666667
aaouainat,Aaouainat(Lebanon),34.6333333,36.3
aaouaini,Aaouaïni(Lebanon),34.1166667,35.7666667
aaouainiye,Aaouainiyé(Syrian Arab Republic),34.95,35.95
aaouaj,Aaouaj(Syrian Arab Republic),34.9,36.4
aaouamiye,Aaouâmîyé(Syrian Arab Republic),35.4333333,35.9166667
aaouar,Aaouar(Syrian Arab Republic),34.5833333,36.85
aaouara,Aaouara(Syrian Arab Republic),34.95,35.95
aaouas,Aaouas(Syrian Arab Republic),32.466666700000005,36.7666667
aaouas,Aaouâs(Syrian Arab Republic),36.7666667,38.0666667
aaouass,Aaouass(Syrian Arab Republic),36.7666667,38.0666667
aaoudet el qalamoun,Aaoudet el Qalamoûn(Lebanon),33.6986111,35.501388899999995
aaoueichiye,Aaoueïchîye(Syrian Arab Republic),36.3,37.6
aaoueidja,Aaoueïdja(Syrian Arab Republic),37.033333299999995,41.2666667
aaoueijet jine,Aaoueïjet Jîné(Syrian Arab Republic),35.6166667,37.1833333
aaoueiline,Aaoueïline(Syrian Arab Republic),36.4166667,37.466666700000005
aaoueina,Aaoueïna(Syrian Arab Republic),36.9813889,41.3427778
aaoueinate,Aaoueïnâte(Lebanon),34.6333333,36.3
aaoueinate,Aaoueïnâte(Syrian Arab Republic),35.7230556,36.091666700000005
aaoueinate kebire,Aaoueïnâte Kébîré(Syrian Arab Republic),35.8833333,37.1666667
aaoueinate serhire,Aaoueïnâte Sérhîré(Syrian Arab Republic),35.9,37.1666667
aaoueine,Aaoueïné(Syrian Arab Republic),36.6666667,38.2
aaoueinet er rihane,Aaoueïnet er Rîhâne(Syrian Arab Republic),35.4,36.15
aaoueini,Aaoueïni(Syrian Arab Republic),36.6666667,38.2
aaoueira,Aaoueïra(Syrian Arab Republic),36.1666667,36.4166667
aaoueira charqiye,Aaoueïra Charqîyé(Syrian Arab Republic),36.1666667,36.4333333
aaoueisse,Aaoueïssé(Syrian Arab Republic),36.5166667,40.6833333
aaouenia,Aaouenia(Syrian Arab Republic),36.9813889,41.3427778
aaouifate,Aâouifate(Morocco),34.625552,-5.576183
aaouint--maazouza,Aâouint--Maâzouza(Morocco),31.508109,-8.1996
aaouj ej jenah,Aaouj ej Jenâh(Syrian Arab Republic),35.15,36.8666667
aaouj el jenah,Aaouj el Jenâh(Syrian Arab Republic),35.15,36.8666667
aaouje,Aaoujé(Syrian Arab Republic),35.6166667,37.0166667
aaoukar,Aaoukar(Lebanon),33.9333333,35.6
aaoumar ed dine,Aaoumar ed Dine(Lebanon),34.5,36.1
aaouniye,Aaounîyé(Lebanon),34.1166667,35.7666667
aaoura,Aaoura(Lebanon),34.2333333,35.8
aaousiene,Aaousiene(Morocco),34.806387,-5.132708999999999
aapaasdal,Aapaasdal(Norway),58.483332999999995,7.616667
aapaasland,Aapaasland(Norway),58.466667,7.5833330000000005
aapajarven asutusalue,Aapajärven Asutusalue(Finland),67.250556,27.298610999999998
aapajarvi,Aapajärvi(Finland),67.250556,27.298610999999998
aapajarvi,Aapajärvi(Finland),66.083333,24.15
aapajoki,Aapajoki(Finland),66.016667,24.1
aapdraai,Aapdraai(South Africa),-25.483333,26.166667
aappilattoq,Aappilattoq(Greenland),72.8833333,-55.6
aappilattorq,Aappilattorq(Greenland),72.8833333,-55.6
aapua,Aapua(Sweden),66.85,23.533333
aaqabet hairouna,Aaqabet Haïroûna(Lebanon),34.3152778,35.9222222
aaqareb es safi,Aaqâreb es Sâfi(Syrian Arab Republic),35.1,37.216666700000005
aaqarib es safi,Aaqârib es Sâfi(Syrian Arab Republic),35.1,37.216666700000005
aaqb el ballane,Aaqb el Ballâne(Lebanon),34.216666700000005,35.8
aaqbet roummane,Aaqbet Roummâné(Syrian Arab Republic),35.7,35.8833333
aaqbet sebaail,Aaqbet Sebaail(Lebanon),34.3172222,35.921944399999994
aaqeibe,Aaqeïbé(Syrian Arab Republic),35.2666667,36.0
aaqerbate,Aaqerbâte(Syrian Arab Republic),35.033333299999995,37.45
aaqerbe,Aaqerbé(Syrian Arab Republic),35.15,36.45
aaqiba,Aaqîba(Syrian Arab Republic),36.4333333,36.966666700000005
aaqile,Aaqîlé(Syrian Arab Republic),35.8,37.6166667
aaqlain,Aaqlaïn(Lebanon),33.6761111,35.48
aaqliya,Aaqliya(Lebanon),33.6761111,35.48
aaqliye,Aaqlîyé(Lebanon),33.6761111,35.48
aaqmata,Aaqmata(Lebanon),33.4541667,35.5430556
aaqoula,Aâqoûla(Syrian Arab Republic),36.783333299999995,40.716666700000005
aaqoula,Aaqoûla(Syrian Arab Republic),36.1333333,37.716666700000005
aaqoulet el kharraj,Aâqoûlet el Kharrâj(Syrian Arab Republic),36.15,37.6
aaqoura,Aaqoura(Lebanon),34.1166667,35.9
aaqraba,Aaqraba(Syrian Arab Republic),33.1,36.0
aaqraba,Aaqraba(Syrian Arab Republic),35.95,37.4166667
aaqraba,Aaqraba(Syrian Arab Republic),33.466666700000005,36.3333333
aaqrabate,Aaqrabâte(Syrian Arab Republic),36.2666667,36.7
aaqrabiye,Aaqrabîyé(Syrian Arab Republic),34.55,36.4833333
aaqrabouz,Aaqraboûz(Syrian Arab Republic),36.033333299999995,37.466666700000005
aaqrebiye,Aaqrebiyé(Syrian Arab Republic),34.55,36.4833333
aaqtanit,Aaqtanît(Lebanon),33.5,35.3833333
aaqtanite,Aaqtanîte(Lebanon),33.5,35.3833333
aar youhanna maroun,Aâr Youhanna Mâroûn(Lebanon),34.25,35.75
aara ech chemaliye,Aara ech Chémâliyé(Syrian Arab Republic),35.8833333,36.5
aara el qibliye,Aára el Qiblîyé(Syrian Arab Republic),35.8833333,36.5
aarab aaze,Aarab Aazé(Syrian Arab Republic),36.7333333,37.6833333
aarab aazze,Aarab Aazzé(Syrian Arab Republic),36.7333333,37.6833333
aarab chah,Aarab Châh(Syrian Arab Republic),37.0397222,41.7172222
aarab ej jall,Aarab ej Jall(Lebanon),33.4833333,35.45
aarab ej jheich,Aarab ej Jheïch(Syrian Arab Republic),34.7,35.95
aarab el lizzab,Aarab el Lizzâb(Lebanon),33.9833333,35.6833333
aarab el motilk,Aarab el Motilk(Syrian Arab Republic),35.25,35.9166667
aarab el moulk,Aarab el Moulk(Syrian Arab Republic),35.25,35.9166667
aarab el moulk babou,Aarab el Moulk Babou(Syrian Arab Republic),35.25,35.9166667
aarab el moulk badou,Aarab el Moulk Badou(Syrian Arab Republic),35.25,35.9166667
aarab hassan kebir,Aarab Hassan Kebîr(Syrian Arab Republic),36.65,37.85
aarab hassane kebir,Aarab Hassane Kébîr(Syrian Arab Republic),36.65,37.85
aarab hassane serhir,Aarab Hassane Sérhir(Syrian Arab Republic),36.65,37.85
aarab jall,Aarab Jall(Lebanon),33.4833333,35.45
aarab kennd,Aarab Kennd(Syrian Arab Republic),37.0666667,40.8833333
aarab khane,Aarab Khâne(Syrian Arab Republic),36.8,40.3333333
aarab oucharhi,Aarab Ouchârhi(Syrian Arab Republic),36.5833333,36.7
aarab peunar,Aarab Peunâr(Syrian Arab Republic),36.8927778,38.355277799999996
aarab salim,Aarab Salîm(Lebanon),33.4291667,35.5194444
aarab tabbaya,Aarab Tabbâya(Lebanon),33.4833333,35.4333333
aarab tcheurdouk,Aarab Tcheurdouk(Syrian Arab Republic),36.5833333,37.55
aarab tchourdek,Aarab Tchourdek(Syrian Arab Republic),36.5833333,37.55
aarab virane,Aarab Virâne(Syrian Arab Republic),36.5166667,37.5833333
aarabene,Aarabene(Morocco),34.88,-4.48
aarabrot,Aarabrot(Norway),59.433333,5.25
aarade,Aarâdé(Syrian Arab Republic),36.0833333,36.9333333
aarade kebir,Aarâde Kébir(Syrian Arab Republic),37.0030556,40.4105556
aarade kebire,Aarâdé Kébîré(Syrian Arab Republic),37.0030556,40.4105556
aaradiye,Aaradiyé(Syrian Arab Republic),36.1833333,37.9166667
aaraeangol,Aaraeangol(Korea),35.555093,127.618664
aarafite,Aarafîte(Syrian Arab Republic),35.6833333,36.2
aaraimich,Aaraïmich(Syrian Arab Republic),36.968888899999996,41.6269444
aaraiya,Aaraïya(Lebanon),33.8333333,35.5833333
aarak,Aarak(Norway),59.533333,5.816667
aaraksbo,Aaraksbö(Norway),58.916667000000004,7.75
aaramo,Aaramo(Syrian Arab Republic),35.6333333,36.1166667
aaramoun,Aaramoûn(Lebanon),33.7666667,35.5166667
aaramour,Aaramoûr(Lebanon),34.0166667,35.7
aaramta,Aaramta(Lebanon),33.463055600000004,35.5777778
aaramte,Aaramté(Syrian Arab Republic),35.4,36.033333299999995
aarane,Aarâne(Syrian Arab Republic),36.3,37.55
aararsate,Aârarsate(Morocco),34.670297999999995,-5.601681
aararukan,Aararukan(Indonesia),-3.1225,119.9107
aarau,Aarau(Switzerland),47.389616,8.052354
aaray,Aaray(Switzerland),47.389616,8.052354
aarbane,Aârbane(Morocco),32.971581,-4.8711910000000005
aarbaniye,Aarbânîye(Lebanon),33.8833333,35.6833333
aarberg,Aarberg(Switzerland),47.043834999999994,7.273569999999999
aarbet hlali,Aarbet Hlâli(Lebanon),34.1166667,35.75
aarbet qouzhaiya,Aarbet Qouzhaïya(Lebanon),34.295,35.9255556
aarbid,Aarbîd(Syrian Arab Republic),36.2,37.55
aarbid faouqani,Aarbîd Faouqâni(Syrian Arab Republic),36.8833333,41.0166667
aarbid jdaide,Aarbîd Jdaïdé(Syrian Arab Republic),36.1833333,37.533333299999995
aarbid tahtani,Aarbîd Tahtâni(Syrian Arab Republic),36.8725,41.0202778
aarbil,Aarbîl(Syrian Arab Republic),33.533333299999995,36.3666667
aarbjaerg,Aarbjærg(Denmark),56.749217,8.53604
aarbjerg,Aarbjerg(Denmark),56.749217,8.53604
aarbogen,Aarbogen(Norway),64.0,10.483333
aarbossiesplaat,Aarbossiesplaat(South Africa),-31.163179,26.199167000000003
aarbouch,Aarboûch(Syrian Arab Republic),36.5666667,40.533333299999995
aarburg,Aarburg(Switzerland),47.319634,7.901413000000001
aarby,Aarby(Denmark),55.646625,11.142077
aarchani faouqani,Aarchâni Faouqâni(Syrian Arab Republic),35.95,36.55
aarchani tahtani,Aarchâni Tahtâni(Syrian Arab Republic),35.95,36.55
aarchoune,Aarchoûné(Syrian Arab Republic),34.966666700000005,37.283333299999995
aard,Aard(Belgium),51.416667,4.716667
aard,Aard(Netherlands),51.894317,6.0827279999999995
aard en hemelrijksche heide,Aard en Hemelrijksche Heide(Belgium),51.4,4.733333
aard en hemelrijkseheide,Aard en Hemelrijkseheide(Belgium),51.4,4.733333
aarda,Aârda(Syrian Arab Republic),32.773611100000004,35.820555600000006
aardal,Aardal(Norway),59.15,6.2
aardal,Aardal(Norway),61.55,6.35
aardam,Aardam(Netherlands),52.166667,4.766667
aardane abou sahne,Aardâne Abou Sahné(Lebanon),33.175,35.4597222
aardappelhoek,Aardappelhoek(Belgium),50.95,3.15
aardat,Aardât(Lebanon),34.4091667,35.881944399999995
aardenburg,Aardenburg(Netherlands),51.28905,3.4428870000000003
aardene,Aardene(Morocco),30.825402,-7.7581869999999995
aardenhout,Aardenhout(Netherlands),52.366921000000005,4.597498000000001
aardenweg,Aardenweg(Belgium),50.966667,5.066667
aardla,Aardla(Estonia),58.311111100000005,26.7775
aardswoud,Aardswoud(Netherlands),52.742678000000005,4.948309
aardt,Aardt(Netherlands),51.894317,6.0827279999999995
aareavaara,Aareavaara(Sweden),67.45,23.5
aareibe,Aareïbé(Syrian Arab Republic),36.1833333,36.5
aareikib,Aareïkib(Syrian Arab Republic),35.3,36.0666667
aarenurga,Äärenurga(Estonia),58.716666700000005,23.7666667
aarepere,Äärepere(Estonia),58.56527779999999,23.6486111
aarestad,Aarestad(Norway),58.55,6.2
aarestrup,Aarestrup(Denmark),56.283333,9.25
aarestrup,Aarestrup(Denmark),56.819669999999995,9.74746
aarevik,Aarevik(Norway),62.2,5.1666669999999995
aarfa,Aarfa(Syrian Arab Republic),35.3833333,37.0166667
aarfor,Aarfor(Norway),64.95,11.966667
aargaard,Aargaard(Norway),64.266667,11.183333
aargab,Aargab(Denmark),55.964878000000006,8.144184
aargasi,Aargasi(Indonesia),-1.6,132.066667
aargub,Aargub(Western Sahara),23.6166667,-15.866666699999998
aarheim,Aarheim(Norway),61.88333299999999,6.716667
aarhejm,Aarhejm(Norway),61.88333299999999,6.716667
aarhob,Aarhob(Morocco),35.269158000000004,-4.842974
aarhogen,Aarhogen(Norway),64.0,10.483333
aarhus,Aarhus(Denmark),56.153423,10.225530000000001
aarich,Aarich(Morocco),31.45,-7.78
aarid,Aarîd(Lebanon),33.4,35.4833333
aarid en naas,Aarîd en Naas(Lebanon),34.1,35.85
aarida,Aarîda(Syrian Arab Republic),36.533333299999995,38.7666667
aarida,Aarida(Syrian Arab Republic),34.6666667,36.3
aarida aajil,Aarîda Aajîl(Syrian Arab Republic),36.4833333,38.8333333
aaridet aboulli,Aarîdet Aboulli(Syrian Arab Republic),34.75,36.0666667
aaridiye,Aarîdîyé(Syrian Arab Republic),36.1833333,37.9166667
aarikkala,Aarikkala(Finland),61.266667000000005,22.683332999999998
aarite,Aarite(Solomon Islands),-9.833333300000001,160.83333330000002
aariza,Aarîza(Syrian Arab Republic),36.533333299999995,38.7666667
aarjess,Aarjess(Lebanon),34.3325,35.8836111
aarjoun,Aarjoûn(Syrian Arab Republic),34.55,36.5166667
aarka,Aarka(Lebanon),34.533333299999995,36.033333299999995
aarkob,Aarkob(Morocco),35.269158000000004,-4.842974
aarlahti,Aarlahti(Finland),60.65,21.816667000000002
aarland,Aarland(Norway),60.0,5.1
aarlanderveen,Aarlanderveen(Netherlands),52.140168,4.732197
aarle,Aarle(Belgium),51.483333,5.016667
aarle,Aarle(Netherlands),51.513335999999995,5.363658999999999
aarlen,Aarlen(Belgium),49.683333000000005,5.816667
aarlifoss,Aarlifoss(Norway),59.683333,9.133333
aarlose,Aarløse(Denmark),55.379836,11.986866000000001
aarmoen,Aarmoen(Norway),64.866667,12.45
aarmoun,Aarmoûn(Lebanon),34.0166667,35.7
aarna,Aarna(Estonia),58.065555599999996,26.967222200000002
aarne,Aarné(Syrian Arab Republic),33.362777799999996,35.875555600000006
aarne,Aarné(Syrian Arab Republic),36.5833333,38.3833333
aarnes,Aarnes(Norway),60.15,11.466667
aarnes,Aarnes(Norway),62.983332999999995,8.516667
aarnes,Aarnes(Norway),64.583333,11.266667
aarnes,Aarnes(Norway),63.966667,10.233333
aaro,Aarö(Norway),62.75,7.266667
aaro,Aarö(Norway),58.88333299999999,9.366667
aaro by,Aarö By(Denmark),55.260573,9.737703
aarobugt,Aaröbugt(Norway),69.65,20.3
aaron,Aaron(Malawi),-12.75,34.216666700000005
aaron,Aaron(Malawi),-11.2,33.8333333
aaron,Aaron(United States of America),32.5680556,-81.9925
aaron,Aaron(United States of America),38.883055600000006,-85.1258333
aaron,Aaron(United States of America),36.8125,-85.1808333
aaron,Aaron(United States of America),38.423055600000005,-94.15361109999999
aaron,Aaron(Zambia),-10.233333300000002,31.2166667
aaron castellanos,Aaron Castellanos(Argentina),-34.331746,-62.37311999999999
aarons,Aarons(United States of America),38.493055600000005,-81.5344444
aarons corner,Aarons Corner(United States of America),36.53805560000001,-80.29611109999999
aarons creek,Aarons Creek(United States of America),36.66111110000001,-78.7222222
aaronsburg,Aaronsburg(United States of America),40.8997222,-77.45361109999999
aaros,Aaros(Norway),59.016667000000005,9.9
aarosund,Aarösund(Denmark),55.25866,9.708969999999999
aarouda kebire,Aaroûda Kébîré(Syrian Arab Republic),36.2,38.0666667
aarouda serhire,Aaroûda Sérhîré(Syrian Arab Republic),36.1833333,38.0666667
aaroun,Aaroun(Algeria),36.3222222,2.8861111
aarour,Aaroûr(Syrian Arab Republic),37.02,42.035
aarous,Aarous(Morocco),34.372215000000004,-3.845241
aarqa,Aarqa(Lebanon),34.533333299999995,36.033333299999995
aarqaya,Aarqâya(Syrian Arab Republic),34.8166667,36.5
aarqoub,Aarqoûb(Syrian Arab Republic),35.4,36.1
aarqoub,Aarqoûb(Syrian Arab Republic),35.1166667,36.0
aarra el qibliye,Aarra el Qiblîyé(Syrian Arab Republic),35.8833333,36.5
aarre,Aarre(Denmark),55.572454,8.667458
aars,Aars(Denmark),56.803808999999994,9.515814
aars houw,Aars Houw(Belgium),51.05,5.633333
aarsal,Aarsâl(Lebanon),34.1833333,36.4166667
aarsand,Aarsand(Norway),65.05,12.2
aarsballe,Aarsballe(Denmark),55.145212,14.872728
aarsby,Aarsby(Norway),60.63333299999999,11.05
aarschot,Aarschot(Belgium),50.983333,4.8333330000000005
aarsdale,Aarsdale(Denmark),55.106156999999996,15.145447
aarsele,Aarsele(Belgium),51.0,3.416667
aarset,Aarset(Norway),62.2,7.1666669999999995
aarsland,Aarsland(Norway),58.583332999999996,5.65
aarslev,Aarslev(Denmark),56.151876,10.068211
aarslev,Aarslev(Denmark),55.455936,11.357175999999999
aarslev,Aarslev(Denmark),55.026771,9.348500999999999
aarstad,Aarstad(Norway),63.766667000000005,11.8
aarstad,Aarstad(Norway),58.333332999999996,6.283333
aarstein,Aarstein(Norway),68.266667,15.016667000000002
aarstein,Aarstein(Norway),68.688333,17.555278
aart,Aart(Belgium),51.2,4.983333
aart,Aart(Belgium),50.983333,4.066667
aartez,Aartez(Lebanon),34.2333333,35.7333333
aartouz,Aartoûz(Syrian Arab Republic),33.4166667,36.15
aartrijke,Aartrijke(Belgium),51.116667,3.083333
aartselaar,Aartselaar(Belgium),51.133333,4.383333
aartshouw,Aartshouw(Belgium),51.05,5.633333
aartswoud,Aartswoud(Netherlands),52.742678000000005,4.948309
aartuka,Aartuka(Finland),60.38333299999999,22.15
aartukka,Aartukka(Finland),60.38333299999999,22.15
aartwoud,Aartwoud(Netherlands),52.742678000000005,4.948309
aarum,Aarum(Norway),59.266667000000005,11.116667
aarup,Aarup(Denmark),57.084607999999996,9.463263000000001
aarup,Aarup(Denmark),55.37315,10.041314
aarvaag,Aarvaag(Norway),63.35,8.85
aarvik,Aarvik(Norway),60.166667000000004,6.116667
aarvik,Aarvik(Norway),62.2,5.1666669999999995
aarvik,Aarvik(Norway),70.2,20.533333
aarviksand,Aarviksand(Norway),70.2,20.533333
aarwangen,Aarwangen(Switzerland),47.238533000000004,7.770042
aas,Aas(Denmark),55.918161,9.970663
aas,Aas(Denmark),56.899280000000005,8.62777
aas,Aas(Denmark),55.298942000000004,12.101499
aas,Aas(France),42.983334,-0.4
aas,Aas(Indonesia),-8.3741,115.7066
aas,Aas(Norway),59.666667000000004,10.8
aas,Aas(Norway),58.333332999999996,8.283333
aas,Aas(Norway),66.4,13.166667000000002
aas,Aas(Norway),62.916667000000004,9.8
aas,Aas(Norway),58.016667000000005,7.65
aas,Aas(Norway),59.61666700000001,10.2
aasa,Aasa(Estonia),58.68722220000001,24.5083333
aasalien,Aasalien(Norway),63.11666700000001,10.65
aasan,Aasan(Norway),64.166667,12.466667
aasane,Aasane(Norway),60.47444399999999,5.325
aasanvangene,Aasanvangene(Norway),62.333332999999996,10.8
aasaroy,Aasaröy(Norway),59.416667000000004,6.116667
aasaunet,Aasaunet(Norway),65.133333,12.216667
aasberg,Aasberg(Norway),60.416667000000004,8.433333
aasbo,Aasbö(Norway),60.569444,5.074722
aasbogrend,Aasbögrend(Norway),60.2,9.0
aasbuttel,Aasbüttel(Germany),54.066667,9.433333
aase,Aase(Denmark),55.369517,11.695339
aase,Aase(Norway),60.583332999999996,5.3
aase,Aase(Norway),69.016667,15.8
aasebro,Aasebro(Denmark),55.983332999999995,12.016667
aasebro huse,Aasebro Huse(Denmark),55.983332999999995,12.016667
aasegg,Aasegg(Norway),64.25,10.633333
aasel,Aasel(Morocco),34.997655,-3.1984630000000003
aasen,Aasen(Germany),47.983333,8.55
aasen,Aasen(Norway),60.2,10.05
aasen,Aasen(Norway),60.533333,11.9
aasen,Aasen(Norway),60.016667000000005,5.8333330000000005
aasen,Aasen(Norway),62.95,8.7
aasen,Aasen(Norway),66.06666700000001,12.9
aasen,Aasen(Norway),63.6,11.05
aasen,Aasen(Norway),60.833332999999996,10.583333
aasendrup,Aasendrup(Denmark),57.361340000000006,9.752388999999999
aaseral,Aaseral(Norway),58.61666700000001,7.4166669999999995
aaserod,Aaseröd(Norway),59.416667000000004,6.116667
aaserum,Aaserum(Norway),59.166667000000004,10.083333
aaset,Aaset(Norway),61.066667,11.35
aasfontein,Aasfontein(South Africa),-34.7654,19.856122
aasfouriye,Aasfouriye(Lebanon),33.85,35.533333299999995
aasgaard,Aasgaard(Norway),63.016667000000005,8.5
aasgaardstrand,Aasgaardstrand(Norway),59.348889,10.4675
aasgardann,Aasgardann(Norway),60.716667,8.966667
aashaug,Aashaug(Norway),62.38333299999999,10.933333
aashausen,Aashausen(Germany),53.533333,8.5
aasheim,Aasheim(Norway),60.566667,5.5
aashoj,Aashöj(Denmark),55.44339599999999,12.131516
aashoje,Aashöje(Denmark),55.44339599999999,12.131516
aashqoute,Aashqoûte(Lebanon),33.9833333,35.7
aasiaat,Aasiaat(Greenland),68.7166667,-52.8666667
aaside,Aaside(Denmark),55.173092000000004,11.920384
aasivik,Aasivik(Greenland),62.2,-49.3333333
aasjorden,Aasjorden(Norway),67.75,15.05
aasla,Aasla(Finland),60.3,21.95
aasland,Aasland(Norway),59.3,6.1666669999999995
aasland,Aasland(Norway),58.6,7.4
aaslandsgrend,Aaslandsgrend(Norway),59.233332999999995,8.05
aasleagh,Aasleagh(Ireland),53.6166667,-9.666666699999999
aasmae,Ääsmäe(Estonia),59.238055599999996,24.5086111
aasmiye,Aâsmîyé(Syrian Arab Republic),36.1166667,37.5666667
aasmulen,Aasmulen(Norway),64.65,12.65
aasnaes,Aasnæs(Norway),61.333332999999996,5.2
aasnan,Aasnan(Philippines),13.8094,122.0886
aasnes,Aasnes(Norway),60.6,11.966667
aasni,Aasni(Pakistan),29.02088,70.252475
aaso,Aasö(Denmark),55.007567,10.825358
aasowao,Aasowao(Philippines),10.733333,123.95
aaspe,Aaspe(Denmark),55.047893,8.822898
aaspenaes,Aaspenæs(Norway),61.766667000000005,5.1
aaspere,Aaspere(Estonia),59.4169444,26.117222199999997
aaspere asundus,Aaspere Asundus(Estonia),59.4169444,26.117222199999997
aassa tagmout,Aassa Tagmout(Morocco),30.000196999999996,-8.287397
aassaibe,Aassaïbé(Syrian Arab Republic),35.1333333,35.9833333
aassaile,Aassaïlé(Syrian Arab Republic),34.95,36.85
aassaimont,Aassaimont(Lebanon),34.4333333,36.1
aassal el ouard,Aassâl el Ouard(Syrian Arab Republic),33.8666667,36.4
aassaliye,Aassàliye(Syrian Arab Republic),32.9333333,35.6833333
aassaltye,Aassaltyé(Syrian Arab Republic),32.9333333,35.6833333
aassane,Aassâne(Syrian Arab Republic),36.0833333,37.2333333
aassaouss,Aassaouss(Morocco),34.845477,-5.62561
aassara,Aassara(Morocco),34.792675,-5.402508999999999
aasseibe,Aasseïbé(Syrian Arab Republic),35.1333333,35.9833333
aasseiliye,Aasseïliye(Syrian Arab Republic),34.95,36.85
aassem,Aassem(Syrian Arab Republic),32.9486111,36.32194439999999
aassera,Aassera(Morocco),34.792675,-5.402508999999999
aasskard,Åasskard(Norway),63.016667000000005,8.5
aassoun,Aassoûn(Lebanon),34.3833333,36.0166667
aassous,Aassoûs(Syrian Arab Republic),36.0833333,36.85
aassouss,Aassoûss(Syrian Arab Republic),36.0833333,36.85
aassun,Aâssûn(Lebanon),34.3833333,36.0166667
aassveet,Aassveet(Norway),64.68333299999999,12.733333
aast,Aast(Denmark),55.742162,9.209081
aast,Aast(France),43.283333,-0.083333
aasted,Aasted(Denmark),56.769776,8.990821
aasted,Aasted(Denmark),57.442038000000004,10.408078999999999
aasted,Aasted(Denmark),55.770824,8.415904
aasted bro,Aasted Bro(Denmark),55.903728,9.609392
aasterberg,Aasterberg(Netherlands),51.101607,5.839733
aasterein,Aasterein(Netherlands),53.403971,5.3756010000000005
aastofte,Aastofte(Denmark),55.821923999999996,11.520277
aastorp,Aastorp(Denmark),55.407346,9.498324
aastrup,Aastrup(Denmark),55.768330000000006,9.97268
aastrup,Aastrup(Denmark),54.848958999999994,12.08576
aastrup,Aastrup(Denmark),55.08008,10.3402
aastveit,Aastveit(Norway),60.45,5.316667
aastvejt,Aastvejt(Norway),60.45,5.316667
aasu,Aasu(Estonia),59.4091667,26.331666700000003
aasu,Aasu(United States of America),-14.2975,-170.7583333
aasukalda,Aasukalda(Estonia),59.449722200000004,26.7277778
aasum,Aasum(Denmark),55.400693000000004,10.464116
aasumetsa,Aasumetsa(Estonia),59.5,25.8369444
aasuvalja,Aasuvälja(Estonia),58.894444400000005,25.417777800000003
aasuvalja,Aasuvälja(Estonia),59.3255556,26.5972222
aasvik,Aasvik(Norway),66.4,13.166667000000002
aasvoelkop,Aasvoëlkop(South Africa),-31.683333,25.533333
aasvogelboom,Aasvogelboom(South Africa),-25.233333,27.866667
aat,Aat(Belgium),50.633333,3.7833330000000003
aatamanine,Aatamanine(Morocco),35.183362,-5.370939
aatangen,Aatangen(Norway),58.86666700000001,9.35
aataouiye,Aataouîyé(Syrian Arab Republic),36.949722200000004,41.593611100000004
aataouiye miri,Aataouîyé Mîri(Syrian Arab Republic),36.2333333,37.8666667
aatbe,Aatbé(Syrian Arab Republic),37.110555600000005,41.763611100000006
aatchane,Aatchâné(Syrian Arab Republic),35.8333333,37.6
aatchane,Aatchâné(Syrian Arab Republic),35.3166667,37.2333333
aatchane charqiye,Aatchâné Charqiyé(Syrian Arab Republic),35.85,37.1
aatchane el homr,Aatchâné el Homr(Syrian Arab Republic),36.033333299999995,38.033333299999995
aatchane el miri,Aatchâné el Miri(Syrian Arab Republic),36.1166667,37.9
aatchane rharbiye,Aatchâné Rharbîyé(Syrian Arab Republic),35.8666667,37.0666667
aateibe,Aateïbé(Syrian Arab Republic),33.5,36.5666667
aateichane,Aateïchâne(Syrian Arab Republic),37.033333299999995,40.7666667
aathal,Aathal(Switzerland),47.335081,8.770014
aatib,Aatîb(Syrian Arab Republic),33.8,36.0666667
aatil,Aatîl(Syrian Arab Republic),32.75,36.5666667
aatit,Aätît(Lebanon),33.2333333,35.3
aatli,Aätlí(Greece),41.2777778,22.7861111
aatne,Aatné(Syrian Arab Republic),33.85,36.7666667
aato,Aato(Philippines),9.3128,123.2846
aatoila,Aatoila(Finland),60.6,22.016667
aatola,Aatola(Finland),62.0,27.2
aatra aattire,Aatra Aattiré(Syrian Arab Republic),36.0833333,37.9166667
aatra attire,Aatra Attîré(Syrian Arab Republic),36.0833333,37.9166667
aatrine,Aatrîne(Lebanon),33.6666667,35.5666667
aats'i,Aats'i(Georgia),43.1269444,40.7388889
aatsinki,Aatsinki(Finland),66.883333,28.916666999999997
aatsy,Aatsy(Georgia),43.1269444,40.7388889
aauamara,Aauámara(Morocco),35.072007,-6.0801
aauoaj el falaj,Aauoaj el Falaj(Syrian Arab Republic),34.8666667,40.6333333
aavasaksa,Aavasaksa(Finland),66.383333,23.716667
aavasra,Aavasra(Morocco),35.388197999999996,-5.984561
aaved,Aaved(Denmark),55.187072,8.831969
aavere,Aavere(Estonia),59.388611100000006,25.2775
aavere,Aavere(Estonia),59.06972220000001,26.0558333
aavesland,Aavesland(Norway),58.6,7.9
aavik,Aavik(Norway),65.983333,12.85
aaviku,Aaviku(Estonia),59.34222220000001,24.9063889
aaviku,Aaviku(Estonia),59.4883333,26.287222200000002
aavre,Aavre(Estonia),59.388611100000006,25.2775
aavroun,Aavroun(Israel),33.047892,35.179946
aawla,Aawla(Somalia),2.9666667,44.0166667
aaxanen,Aaxanen(Morocco),35.219275,-3.169244
aaya,Aaya(Indonesia),-3.8048,122.4385
aayach,Aayach(Syrian Arab Republic),36.6666667,37.5166667
aayachiye,Aayâchiyé(Syrian Arab Republic),36.25,37.533333299999995
aayad el kebir,Aâyad el Kébîr(Syrian Arab Republic),35.85,38.5166667
aayate,Aayâte(Lebanon),34.5166667,36.1166667
aaygayon,Aaygayon(Philippines),11.569444,125.03277800000001
aayolay,Aayolay(Somalia),3.05,43.95
aayongu,Aayongu(Nigeria),7.066667,8.666667
aayonso ndoor,Aayonso Ndoor(Nigeria),7.1666669999999995,8.5
aayoun ar'rhouch,Aayoûn Ar'rhoûch(Lebanon),34.2666667,36.1333333
aayoun ech chaara,Aayoûn ech Chaara(Syrian Arab Republic),34.6333333,36.216666700000005
aayoun el ghezlane,Aayoûn el Ghezlâne(Lebanon),34.466666700000005,36.0166667
aayoun el ouadi,Aayoûn el Ouâdi(Syrian Arab Republic),34.8666667,36.2666667
aayoun el rhozlane,Aayoûn el Rhozlâné(Lebanon),34.466666700000005,36.0166667
aayoun hadid,Aayoûn Hadîd(Syrian Arab Republic),32.8666667,35.8166667
aayoun hamoud,Aayoûn Hamoûd(Syrian Arab Republic),32.8877778,35.7341667
aayoun orghouch,Aayoûn Orghouch(Lebanon),34.2666667,36.1333333
aaysharud,Aaysharud(Iran (Islamic Republic of)),38.571131,45.067146
aayty-mokhk,Aayty-Mokhk(Russian Federation),43.089573,46.34783
aayty-mokhn,Aayty-Mokhn(Russian Federation),43.089573,46.34783
aaz el aarab,Aaz el Aarab(Lebanon),33.5194444,35.8041667
aaz el arab,Aaz el Arab(Lebanon),33.5166667,35.8
aazamiye charqiye,Aazamîyé Charqîyé(Syrian Arab Republic),36.9,40.5833333
aazamiye sharqiyah,Aazamiye Sharqiyah(Syrian Arab Republic),36.9,40.5833333
aazanen,Aazanen(Morocco),35.256415999999994,-3.102348
aazaz,Aazâz(Syrian Arab Republic),36.58888889999999,37.0441667
aazeir,Aazeïr(Syrian Arab Republic),34.6333333,36.2333333
aazeire,Aazeïré(Syrian Arab Republic),35.4833333,36.1
aazi shamsuddin,Aazi Shamsuddin(Pakistan),24.6064,68.032558
aazib el caid zaiadi,Aâzib el Caïd Zaïadi(Morocco),31.634531,-7.899744
aazibiett tahta,Aazibiett Tahta(Lebanon),33.5541667,35.59444439999999
aazize,Aazîzé(Syrian Arab Republic),36.1,37.3666667
aaziziyate,Aazîzîyâte(Syrian Arab Republic),33.2,35.7333333
aaziziye,Aazîzîyé(Syrian Arab Republic),35.95,37.0166667
aaziziye,Aazîzîyé(Syrian Arab Republic),35.5,37.2
aaziziye,Aazizîyé(Syrian Arab Republic),34.5166667,36.9833333
aaziziye,Aazîzîyé(Syrian Arab Republic),34.6333333,36.1
aazour,Aâzoûr(Lebanon),33.5597222,35.53611110000001
aazqai,Aazqaï(Lebanon),34.4333333,35.9833333
aazqe,Aazqé(Lebanon),34.4333333,35.9833333
aazr kfartai,Aazr Kfartaï(Lebanon),33.95,35.7666667
aazriye,Aazrîyé(Syrian Arab Republic),35.5666667,35.95
aazzam,Aazzâm(Syrian Arab Republic),36.9,40.8166667
aazze,Aazzé(Lebanon),33.45,35.4333333
aazzeite,Aazzeïte(Syrian Arab Republic),35.033333299999995,35.9333333
aazziye,Aazziye(Lebanon),33.1833333,35.2333333
aa¿arsin,AÂ¿arsin(China),43.487221999999996,82.40722199999999
aa¿ax oba,AÂ¿ax Oba(China),46.3,90.4
aa¿hoj-martan,AÂ¿hoj-Martan(Russian Federation),43.189969,45.283733000000005
