ee,Ee(Netherlands),53.330089,6.102233
ee`al,Ee`al(Lebanon),34.3622222,35.9091667
eecke,Eecke(Belgium),50.95,3.65
eecke,Eecke(France),50.778611,2.5965580000000004
eecke-ten-eede,Eecke-ten-Eede(Belgium),50.95,3.6166669999999996
eeckeren,Eeckeren(Belgium),51.283333,4.4166669999999995
eeckhaute,Eeckhaute(Belgium),50.716667,3.933333
eeckhoek,Eeckhoek(Belgium),51.033333,3.816667
eeckhout,Eeckhout(Belgium),50.733333,4.1
eeckhout,Eeckhout(Belgium),50.833333,3.8
eeckout,Eeckout(Belgium),50.733333,4.1
eecloo,Eecloo(Belgium),51.183333000000005,3.566667
eede,Eede(Belgium),50.916667,3.983333
eede,Eede(Netherlands),51.246075,3.443347
eedemolen,Eedemolen(Belgium),50.95,3.583333
eeden dheere,Eeden Dheere(Somalia),2.85,43.5
eedeswold,Eedeswold(South Africa),-30.698043,30.415034000000002
eedin gaal benle,Eedin Gaal Benle(Somalia),3.0166667,43.4833333
eedtwijk,Eedtwijk(Belgium),50.933333000000005,3.733333
eedtwyk,Eedtwyk(Belgium),50.933333000000005,3.733333
eeea,Eeea(Indonesia),-4.7261,121.9499
eefde,Eefde(Netherlands),52.170097,6.228416999999999
eefsele,Eefsele(Netherlands),52.036840999999995,6.586214999999999
eegem,Eegem(Belgium),51.016667,3.266667
eegem-kapelle,Eegem-Kapelle(Belgium),51.016667,3.233333
eegenhoven,Eegenhoven(Belgium),50.866667,4.6666669999999995
eeghem,Eeghem(Belgium),51.016667,3.266667
eeghem-kapelle,Eeghem-Kapelle(Belgium),51.016667,3.233333
eegriagac,Eegriagac(Turkey),36.776340000000005,35.448844
eehama,Eehama(Namibia),-17.3833333,15.016666699999998
eeichter,Eeichter(Austria),47.083333,13.616667000000001
eeja,Eeja(Indonesia),0.4481,120.3452
eek,Eek(United States of America),60.218888899999996,-162.02444440000002
eekamp,Eekamp(Netherlands),53.174943000000006,7.06682
eeke,Eeke(Belgium),50.95,3.65
eekeburen,Eekeburen(Netherlands),53.216667,6.35
eekeendries,Eekeendries(Belgium),50.8,4.066667
eekeh,Eekeh(Nigeria),7.5022,7.7929
eekelenhoek,Eekelenhoek(Belgium),51.05,4.483333
eekemegbene,Eekemegbene(Nigeria),4.83345,5.539443
eekenmolen,Eekenmolen(Belgium),50.816666999999995,3.8
eekenrade,Eekenrade(Netherlands),51.396557,5.486239
eekent,Eekent(Belgium),50.883333,3.9666669999999997
eekestraet,Eekestraet(Belgium),50.833333,3.8833330000000004
eekhoek,Eekhoek(Belgium),51.033333,3.816667
eekhout,Eekhout(Belgium),50.733333,4.1
eekhout,Eekhout(Belgium),50.716667,3.933333
eekhout,Eekhout(Belgium),50.833333,3.8
eekhoutdries,Eekhoutdries(Belgium),50.816666999999995,3.85
eeklo,Eeklo(Belgium),51.183333000000005,3.566667
eekloo,Eekloo(Belgium),51.183333000000005,3.566667
eeksken,Eeksken(Belgium),50.983333,4.1666669999999995
eeksken,Eeksken(Belgium),51.133333,3.65
eekst,Eekst(Netherlands),53.01910600000001,6.736594
eeksta,Eeksta(Netherlands),53.165625,6.984872999999999
eeksterveen,Eeksterveen(Netherlands),53.054435,6.800688
eekstraat,Eekstraat(Belgium),51.1,3.8833330000000004
eekt,Eekt(Belgium),50.95,4.733333
eekt,Eekt(Netherlands),52.454954,5.882002
eekwerd,Eekwerd(Netherlands),53.323416,6.798417
eekwerderdraai,Eekwerderdraai(Netherlands),53.314128000000004,6.7986320000000005
eel,Eel(Belgium),51.383333,5.016667
eel river,Eel River(United States of America),39.3233333,-87.12361109999999
eela rog,Eela Rog(Somalia),3.15,43.9333333
eelahaji,Eelahaji(Indonesia),-4.7603,123.1773
eelat,Eelat(Lebanon),34.5166667,36.1166667
eelbeck,Eelbeck(United States of America),32.4416667,-84.75277779999999
eelde,Eelde(Netherlands),53.141518000000005,6.5646070000000005
eelde-paterswolde,Eelde-Paterswolde(Netherlands),53.141518000000005,6.5646070000000005
eeldenerwolde,Eeldenerwolde(Netherlands),53.179503000000004,6.545337
eelderwolde,Eelderwolde(Netherlands),53.179503000000004,6.545337
eelen,Eelen(Belgium),51.066666999999995,5.766667
eelen,Eelen(Netherlands),52.418177,6.452196
eeler weerd,Eeler Weerd(Belgium),51.066666999999995,5.8
eeloole,Eeloole(Somalia),2.5833333,44.8333333
eelvelde,Eelvelde(Belgium),51.2,3.45
eembidi,Eembidi(Namibia),-17.5,16.0
eembrugge,Eembrugge(Netherlands),52.22834,5.307884
eemdijk,Eemdijk(Netherlands),52.252811,5.330737999999999
eemnes,Eemnes(Netherlands),52.252639,5.262364
eemnes-binne,Eemnes-binne(Netherlands),52.25,5.266667
eemnesbinnen,Eemnesbinnen(Netherlands),52.25,5.266667
eemnesbuiten,Eemnesbuiten(Netherlands),52.25,5.266667
eemoiko,Eemoiko(Indonesia),-4.7108,121.6967
eemokolo,Eemokolo(Indonesia),-5.2078,121.8731
eemolingku,Eemolingku(Indonesia),-4.603333,121.483333
eempten,Eempten(Netherlands),52.671541000000005,6.33035
eemster,Eemster(Netherlands),52.851155000000006,6.381245
eemswoude,Eemswoude(Netherlands),53.044426,5.521572
een,Een(Burkina Faso),13.083333300000001,-1.3166666999999999
een,Een(Netherlands),53.07710600000001,6.394864
een-west,Een-West(Netherlands),53.084115000000004,6.344423
eename,Eename(Belgium),50.85,3.6333330000000004
eenana,Eenana(Namibia),-17.466666699999998,16.3333333
eenbeek einde,Eenbeek Einde(Belgium),51.05,3.7833330000000003
eenbeeke-einde,Eenbeeke-Einde(Belgium),51.05,3.7833330000000003
eenbult,Eenbult(South Africa),-31.039172999999998,25.813009
eendekuil,Eendekuil(South Africa),-32.687093,18.88363
eendobe,Eendobe(Namibia),-17.216666699999998,17.4333333
eendombe,Eendombe(Namibia),-17.7,15.066666699999999
eendrag,Eendrag(South Africa),-31.074369,26.796559000000002
eendrag,Eendrag(South Africa),-26.378601,28.884715999999997
eendragt,Eendragt(Netherlands),51.35,3.9
eene,Eene(Belgium),50.866667,4.05
eeneind,Eeneind(Netherlands),51.451536,5.543613
eengolo,Eengolo(Namibia),-17.6,15.083333300000001
eenhana,Eenhana(Namibia),-17.466666699999998,16.3333333
eenhoorn,Eenhoorn(Belgium),51.216667,4.55
eenhoorn,Eenhoorn(Belgium),50.9,4.183333
eenigenburg,Eenigenburg(Netherlands),52.74205,4.726273
eenkombo,Eenkombo(Namibia),-17.7,17.2
eenow mideey,Eenow Mideey(Somalia),2.5666667000000003,44.8666667
eenrum,Eenrum(Netherlands),53.364151,6.462219
eensaam,Eensaam(South Africa),-29.454188000000002,26.222226000000003
eensaam,Eensaam(South Africa),-31.426071000000004,28.094345
eensaamheid,Eensaamheid(South Africa),-25.886820999999998,28.965413
eensaamkraal,Eensaamkraal(South Africa),-29.930021000000004,26.466790000000003
eense,Eense(Estonia),58.6119444,24.3844444
eensgevonden,Eensgevonden(South Africa),-28.340560999999997,30.807908
eensgevonden,Eensgevonden(South Africa),-30.955174,26.214285999999998
eentsa,Eentsa(Estonia),58.6119444,24.3844444
eentse,Eentse(Estonia),58.6119444,24.3844444
eentveld,Eentveld(Belgium),51.15,3.416667
eenum,Eenum(Netherlands),53.338038,6.786384
eenumerhoogte,Eenumerhoogte(Netherlands),53.341995,6.784294999999999
eenzaamheid,Eenzaamheid(South Africa),-28.052021999999997,28.712259999999997
eer,EEr(China),33.559253000000005,104.58807
eera,Eera(Ethiopia),9.1,35.4
eeram,Eeram(South Africa),-28.119079,29.045018
eerbeek,Eerbeek(Netherlands),52.105340999999996,6.06078
eerde,Eerde(Netherlands),51.602185999999996,5.497443
eerde,Eerde(Netherlands),52.487915,6.443473
eerdeent,Eerdeent(Oman),17.132222199999998,53.994722200000005
eerdegem,Eerdegem(Belgium),50.966667,4.116667
eere,Eéré(Congo),-1.75,16.2333333
eerepindo,Eerepindo(Mexico),19.283333,-102.35
eergang,Eergang(China),33.621901,119.141484
eerguna shi,Eerguna Shi(China),50.248383000000004,120.184252
eeriile,Eeriile(Somalia),1.3166666999999999,44.1666667
eerikkala,Eerikkälä(Finland),60.5,27.666666999999997
eerikkala,Eerikkälä(Finland),61.9,28.283333000000002
eerikkila,Eerikkilä(Finland),62.65,30.116667
eeriksaare,Eeriksaare(Estonia),58.325,21.9186111
eerikvalla,Eerikvalla(Finland),60.353333,22.113889
eerikvere,Eerikvere(Estonia),58.6766667,26.626111100000003
eerken,Eerken(Belgium),50.75,4.6666669999999995
eerma,Eerma(Estonia),58.6308333,24.5238889
eernegem,Eernegem(Belgium),51.133333,3.016667
eerneghem,Eerneghem(Belgium),51.133333,3.016667
eernewoude,Eernewoude(Netherlands),53.13239300000001,5.944707
eerola,Eerola(Finland),61.65,25.75
eersbewoond,Eersbewoond(South Africa),-24.816667000000002,28.383333
eerschot,Eerschot(Netherlands),51.568271,5.47159
eersel,Eersel(Netherlands),51.356604,5.31992
eerselingen,Eerselingen(Belgium),51.2,4.9166669999999995
eerslev,Eerslev(Denmark),56.829842000000006,8.750083
eerste ekslooermond,Eerste Ekslooërmond(Netherlands),52.940973,6.96853
eerste exloermond,Eerste Exloërmond(Netherlands),52.940973,6.96853
eerste exsloermond,Eerste Exsloërmond(Netherlands),52.940973,6.96853
eerste fabrieke,Eerste Fabrieke(South Africa),-25.720278,28.36
eerste geluk,Eerste Geluk(South Africa),-24.55,29.45
eerste river,Eerste River(South Africa),-33.999247,18.734692000000003
eerste river village,Eerste River Village(South Africa),-33.999247,18.734692000000003
eerste valthermond,Eerste Valthermond(Netherlands),52.887013,6.971245
eerste-valtermond,Eerste-Valtermond(Netherlands),52.887013,6.971245
eerstegeluk,Eerstegeluk(South Africa),-30.936301,26.230682
eerstegoud,Eerstegoud(South Africa),-23.987395000000003,29.355334000000003
eersterivier,Eersterivier(South Africa),-34.061971,24.241147
eersterivier,Eersterivier(South Africa),-33.999247,18.734692000000003
eersterivier settlement,Eersterivier Settlement(South Africa),-34.012434000000006,18.723945999999998
eersterivierstrand,Eersterivierstrand(South Africa),-34.061971,24.241147
eersterus,Eersterus(South Africa),-25.705459,28.314953999999997
eerstestraat,Eerstestraat(Belgium),51.233333,3.566667
eerwa,Eerwa(China),35.945059,102.67482
eeryizu,Eeryizu(China),28.706874,101.926604
ees,Ees(Netherlands),52.908882999999996,6.804289999999999
ees,Ees(Somalia),1.5833333,44.1833333
ees-helmkula,Ees-Helmküla(Estonia),58.4333333,23.75
ees-kilgi,Ees-Kilgi(Estonia),58.4025,23.8683333
ees-pala,Ees-Pala(Estonia),58.85,25.4166667
ees-soomra,Ees-Soomra(Estonia),58.3666667,24.1666667
ees-vaiste,Ees-Vaiste(Estonia),58.35,23.8666667
ees-voobu,Ees-Võõbu(Estonia),59.033333299999995,25.466666699999998
eesch,Eesch(Germany),54.066667,9.033333
eese,Eese(Netherlands),52.838885999999995,6.113733
eesen,Eesen(Belgium),51.033333,2.9
eesergroen,Eesergroen(Netherlands),52.889276,6.778919
eeserveen,Eeserveen(Netherlands),52.868199,6.766267999999999
eeshowa,Eeshowa(Namibia),-17.45,17.0666667
eeskula,Eesküla(Estonia),59.300277799999996,26.295833299999998
eesnurga,Eesnurga(Estonia),58.519444400000005,25.9430556
eessen,Eessen(Belgium),51.033333,2.9
eesstraat,Eesstraat(Belgium),50.85,3.7166669999999997
eesterga,Eesterga(Netherlands),52.867536,5.728556
eestinmaki,Eestinmäki(Finland),60.383889,25.627778
eestnurga,Eestnurga(Estonia),58.519444400000005,25.9430556
eestrum,Eestrum(Netherlands),53.214992,6.068369000000001
eesveen,Eesveen(Netherlands),52.823280000000004,6.141025
eesvelde,Eesvelde(Belgium),51.033333,3.8833330000000004
eetada,Eetada(Indonesia),-4.7707,121.7841
eeten,Eeten(Netherlands),51.733333,5.0833330000000005
eethen,Eethen(Netherlands),51.733333,5.0833330000000005
eethoek,Eethoek(Belgium),51.066666999999995,3.9
eetsvelde,Eetsvelde(Belgium),50.9,3.933333
eetvelde,Eetvelde(Belgium),50.75,3.9666669999999997
eeuwhoek,Eeuwhoek(Belgium),50.8,3.55
eext,Eext(Netherlands),53.01910600000001,6.736594
eexta,Eexta(Netherlands),53.165625,6.984872999999999
eexterveen,Eexterveen(Netherlands),53.054435,6.800688
eexterveenschekanaal,Eexterveenschekanaal(Netherlands),53.056031999999995,6.836638000000001
eexterzandvoort,Eexterzandvoort(Netherlands),53.030294,6.78839
eeya,Eeya(Indonesia),0.4481,120.3452
eeyahoru,Eeyahoru(Palau),7.348888900000001,134.4438889
eeyakoru,Eeyakoru(Palau),7.348888900000001,134.4438889
eeygadhalay,Eeygadhalay(Somalia),4.1833333,42.466666700000005
eeyl,Eeyl(Somalia),7.9833333,49.8166667
eezal,Eezal(Lebanon),34.3813889,35.9816667
eeze,Eeze(Netherlands),52.838885999999995,6.113733
