fjadernas,Fjädernäs(Sweden),64.35,19.883333
fjaelde,Fjælde(Denmark),54.75060799999999,11.663902
fjaelebroen,Fjælebroen(Denmark),55.059982,10.383606
fjaellebro,Fjællebro(Denmark),55.059982,10.383606
fjaellebroen,Fjællebroen(Denmark),55.059982,10.383606
fjaer,Fjær(Norway),67.5,14.733332999999998
fjaer,Fjær(Norway),64.366667,11.366667
fjaera,Fjæra(Norway),59.88333299999999,6.4
fjaera i sunnhordland,Fjæra i Sunnhordland(Norway),59.88333299999999,6.4
fjaerdingen,Fjærdingen(Norway),64.633333,12.6
fjaere,Fjære(Norway),58.36666700000001,8.6
fjaere,Fjære(Norway),59.88333299999999,6.4
fjaere,Fjære(Norway),67.5,14.733332999999998
fjaere,Fjære(Norway),59.183333,9.566667
fjaereid,Fjæreid(Norway),60.36666700000001,5.033333
fjaerestad,Fjærestad(Norway),61.05,6.533333
fjaerli,Fjærli(Norway),63.11666700000001,8.616667
fjaerlien,Fjærlien(Norway),63.11666700000001,8.616667
fjaersted,Fjærsted(Denmark),55.262852,8.868962
fjaervold,Fjærvold(Norway),68.65,14.45
fjaervoll,Fjærvoll(Norway),68.65,14.45
fjagesund,Fjågesund(Norway),59.3,8.7
fjakelmyra,Fjäkelmyra(Sweden),60.466667,15.5
fjal,Fjäl(Sweden),62.8,15.116667000000001
fjalastorp,Fjälastorp(Sweden),56.266667000000005,12.6
fjalby,Fjälby(Sweden),59.533333,17.416667
fjalbyn,Fjälbyn(Sweden),64.45,21.35
fjale,Fjäle(Sweden),61.316667,16.183332999999998
fjalebo,Fjälebo(Sweden),56.733332999999995,16.033333
fjalebro,Fjälebro(Sweden),58.066667,11.7
fjaler,Fjaler(Norway),61.36666700000001,5.4166669999999995
fjalestad,Fjalestad(Norway),59.166667000000004,8.4
fjalie,Fjälie(Sweden),55.733332999999995,13.1
fjalkestad,Fjälkestad(Sweden),56.1,14.166667000000002
fjalkinge,Fjälkinge(Sweden),56.05,14.283332999999999
fjall,Fjäll(Sweden),59.216667,12.683333
fjall,Fjäll(Sweden),60.05,18.766667
fjalla,Fjälla(Sweden),58.2,15.616667000000001
fjalla,Fjälla(Sweden),57.7,12.716667
fjallakern,Fjällåkern(Sweden),63.183333,18.333333
fjallandet,Fjällandet(Sweden),63.283333,15.233332999999998
fjallbacka,Fjällbacka(Sweden),58.6,11.283333
fjallbo,Fjällbo(Sweden),60.05,18.766667
fjallboda,Fjällboda(Sweden),65.0,20.3
fjallbohog,Fjällbohög(Sweden),63.38333299999999,16.333333
fjallbonas,Fjällbonäs(Sweden),65.583333,19.366667
fjallbonas,Fjällbonäs(Sweden),65.633333,16.583333
fjallbranna,Fjällbränna(Sweden),64.483333,16.183332999999998
fjallen,Fjällen(Sweden),59.649167000000006,18.706944
fjallerslev,Fjallerslev(Denmark),56.7919,8.679105
fjallgime,Fjällgime(Sweden),56.766667000000005,12.95
fjallgrycksbo,Fjällgrycksbo(Sweden),60.8,15.533332999999999
fjallhalsen,Fjällhalsen(Sweden),63.1,13.816667
fjalljosil,Fjälljösil(Sweden),63.75,16.416667
fjallmossen,Fjällmossen(Sweden),58.68305600000001,16.5
fjallnas,Fjällnäs(Sweden),65.633333,17.733333
fjallsholmen,Fjällsholmen(Sweden),57.833332999999996,11.683333
fjallsjonas,Fjällsjönäs(Sweden),65.633333,16.583333
fjallsta,Fjällsta(Sweden),62.966667,15.183333
fjallsta,Fjällsta(Sweden),59.4,17.266667
fjallsta,Fjällsta(Sweden),59.6,16.283333
fjallsvik,Fjällsvik(Sweden),59.35,18.7
fjalltuna,Fjälltuna(Sweden),64.06666700000001,18.033333
fjalster,Fjälster(Sweden),57.6,16.033333
fjaltring,Fjaltring(Denmark),56.473703,8.140578999999999
fjand,Fjand(Denmark),56.320727000000005,8.152144999999999
fjand garde,Fjand Gårde(Denmark),56.320727000000005,8.152144999999999
fjande,Fjande(Denmark),56.320727000000005,8.152144999999999
fjaras,Fjärås(Sweden),57.433333,12.15
fjarasbracka,Fjäråsbräcka(Sweden),57.45,12.183333
fjard,Fjard(Norway),64.366667,11.366667
fjardhundra,Fjärdhundra(Sweden),59.783333,16.933332999999998
fjardingslov,Fjärdingslöv(Sweden),55.4,13.216667000000001
fjardingsmala,Fjärdingsmåla(Sweden),57.0,15.583332999999998
fjardingstad,Fjärdingstad(Sweden),58.483332999999995,15.816667
fjardsjomala,Fjärdsjömåla(Sweden),56.333332999999996,15.733332999999998
fjardvik,Fjärdvik(Sweden),62.95,17.9
fjarestad,Fjärestad(Sweden),55.983332999999995,12.833333
fjarholma,Fjärholma(Sweden),56.466667,13.65
fjarhult,Fjärhult(Sweden),56.533333,13.483332999999998
fjarhundra,Fjärhundra(Sweden),59.783333,16.933332999999998
fjarkulla,Fjärkulla(Sweden),56.483332999999995,14.2
fjarlov,Fjärlöv(Sweden),56.183333,13.9
fjarsfall,Fjärsfall(Sweden),57.55,15.666667000000002
fjarskogen,Fjärskogen(Sweden),57.433333,12.033333
fjasko,Fjäsko(Sweden),61.333056000000006,14.85
fjatervalen,Fjätervålen(Sweden),61.93305600000001,13.0
fjelby,Fjelby(Denmark),54.895368999999995,9.990258
fjeld,Fjeld(Norway),59.794167,10.640556
fjeld,Fjeld(Norway),60.033333,12.05
fjeld,Fjeld(Norway),67.18333299999999,14.533332999999999
fjeld,Fjeld(Norway),59.11666700000001,9.35
fjeldal,Fjeldal(Norway),58.216667,8.3
fjeldal,Fjeldal(Norway),68.55,16.55
fjelde,Fjelde(Denmark),54.75060799999999,11.663902
fjeldhaug,Fjeldhaug(Norway),60.61666700000001,11.083333
fjeldrad,Fjeldrad(Denmark),56.925142,10.01934
fjeldsaa,Fjeldsaa(Norway),58.266667000000005,6.633333
fjeldskaar,Fjeldskaar(Norway),58.0,7.0833330000000005
fjeldskogen,Fjeldskogen(Norway),60.0,11.9
fjeldsrud,Fjeldsrud(Norway),59.88333299999999,11.216667
fjeldstrand,Fjeldstrand(Norway),59.795278,10.610555999999999
fjeldstrup,Fjeldstrup(Denmark),55.322342000000006,9.562122
fjeldvaer,Fjeldvær(Norway),63.63333299999999,9.15
fjelie,Fjelie(Sweden),55.733332999999995,13.1
fjell,Fjell(Norway),59.794167,10.640556
fjell,Fjell(Norway),59.71694399999999,10.227778
fjell,Fjell(Norway),60.033333,12.05
fjell,Fjell(Norway),67.18333299999999,14.533332999999999
fjell,Fjell(Norway),59.11666700000001,9.35
fjellanger,Fjellanger(Norway),60.726667000000006,5.196667
fjelldal,Fjelldal(Norway),58.216667,8.3
fjelldal,Fjelldal(Norway),68.55,16.55
fjellebro,Fjellebro(Denmark),55.059982,10.383606
fjellenstrup,Fjellenstrup(Denmark),56.110535999999996,12.296908
fjellerad,Fjellerad(Denmark),56.925142,10.01934
fjellerup,Fjellerup(Denmark),56.505738,10.588131
fjellerup,Fjellerup(Denmark),55.225871999999995,10.587982
fjellerup mark,Fjellerup Mark(Denmark),56.484017,10.591097999999999
fjellerup stationsby,Fjellerup Stationsby(Denmark),55.235218999999994,10.564426
fjellerup strand,Fjellerup Strand(Denmark),56.516194999999996,10.60702
fjellestad,Fjellestad(Norway),58.083332999999996,6.783333
fjellesund,Fjellesund(Norway),58.083332999999996,6.783333
fjellhaug,Fjellhaug(Norway),60.61666700000001,11.083333
fjellnes,Fjellnes(Norway),59.066667,9.733333
fjellskaalnes,Fjellskaalnes(Norway),60.566667,5.45
fjellskalnes,Fjellskålnes(Norway),60.566667,5.45
fjellskar,Fjellskår(Norway),58.0,7.0833330000000005
fjellskogen,Fjellskogen(Norway),60.0,11.9
fjellsrud,Fjellsrud(Norway),59.88333299999999,11.216667
fjellstrand,Fjellstrand(Norway),59.795278,10.610555999999999
fjelltveit,Fjelltveit(Norway),60.3,5.5
fjellvaer,Fjellvær(Norway),63.63333299999999,9.15
fjellvaeroy,Fjellværoy(Norway),63.63333299999999,9.15
fjelso,Fjelsø(Denmark),56.66508,9.433783
fjelsted,Fjelsted(Denmark),56.623456999999995,9.941532
fjelsted,Fjelsted(Denmark),55.440706000000006,10.014479
fjelstrup,Fjelstrup(Denmark),55.322342000000006,9.562122
fjenneslev,Fjenneslev(Denmark),55.433856000000006,11.688024
fjenneslevmagle,Fjenneslevmagle(Denmark),55.429991,11.658683
fjenstrup,Fjenstrup(Denmark),54.871128000000006,12.010275
fjer,Fjer(Norway),63.11666700000001,8.616667
fjerbaek,Fjerbæk(Denmark),55.877646999999996,8.412535
fjerdingen,Fjerdingen(Norway),64.633333,12.6
fjere,Fjere(Norway),59.183333,9.566667
fjeri,Fjeri(Albania),40.7238889,19.5561111
fjeri veis beut,Fjeri Veis Beut(Albania),40.8572222,19.7063889
fjerreslev,Fjerreslev(Denmark),57.081343000000004,9.266428
fjerritslev,Fjerritslev(Denmark),57.081343000000004,9.266428
fjertoft,Fjertoft(Norway),62.7,6.366667
fjerupgaarde,Fjerupgaarde(Denmark),56.454696,10.540769000000001
fjerupgarde,Fjerupgårde(Denmark),56.454696,10.540769000000001
fjesa,Fjesa(Slovenia),45.52444439999999,13.5816667
fjetland,Fjetland(Norway),59.433333,6.066667
fjole,Fjöle(Sweden),59.483332999999995,12.766667
fjolsta,Fjolsta(Sweden),62.283333,17.05
fjone,Fjone(Norway),59.166667000000004,8.466667
fjordbotn,Fjordbotn(Norway),68.670833,17.715833
fjorre,Fjorre(Norway),58.36666700000001,8.6
fjortoft,Fjørtoft(Norway),62.7,6.366667
fjorður,Fjörður(Iceland),65.2,-14.016667000000002
fjosanger,Fjøsanger(Norway),60.345,5.345
fjotland,Fjotland(Norway),58.533333,7.0
fjuckby,Fjuckby(Sweden),59.983332999999995,17.6
fjugesta,Fjugesta(Sweden),59.166667000000004,14.866667000000001
fjuk,Fjuk(Norway),60.11666700000001,11.466667
fjukstad,Fjukstad(Norway),64.916667,10.866667
fjus,Fjus(Sweden),59.2,12.216667
fjuserud,Fjuserud(Sweden),59.716667,12.15
fjusnas,Fjusnäs(Sweden),62.083332999999996,16.75
fjusnas,Fjusnäs(Sweden),57.066667,13.216667000000001
