ib,Ib(Russian Federation),61.272466,50.580303
iba,Iba(Burkina Faso),13.583333300000001,0.7333333000000001
iba,Iba(Congo),3.333333,23.266667
iba,Iba(Congo),-2.433333,17.75
iba,Iba(Cameroon),8.55,13.333333300000001
iba,Iba(Germany),50.966667,9.866667
iba,Iba(Indonesia),-4.383333,136.7
iba,Iba(Japan),35.166667,136.15
iba,Iba(Mozambique),-12.338333300000002,39.9569444
iba,Iba(Nigeria),6.487344,3.906853
iba,Iba(Nigeria),5.110595,7.721325
iba,Iba(Nigeria),4.967675,6.8156550000000005
iba,Iba(Nigeria),7.966667,4.7
iba,Iba(Papua New Guinea),-7.383333299999999,143.95
iba,Iba(Philippines),10.4467,121.9996
iba,Iba(Philippines),13.869578,120.93301000000001
iba,Iba(Philippines),8.091389,125.32
iba,Iba(Philippines),14.759722,120.981944
iba,Iba(Philippines),14.266667000000002,122.7
iba,Iba(Philippines),13.5666,123.4065
iba,Iba(Philippines),14.2204,120.97679699999999
iba,Iba(Philippines),15.251464000000002,120.573431
iba,Iba(Philippines),11.314167,125.09611100000001
iba,Iba(Philippines),10.206111,124.97805600000001
iba,Iba(Philippines),15.455051999999998,120.413032
iba,Iba(Philippines),15.3276,119.978
iba,Iba(Russian Federation),63.747935999999996,47.533284
iba,Iba(Senegal),15.879444400000002,-16.3625
iba,Iba(Senegal),16.05,-15.95
iba,Iba(Togo),8.4,1.3666667
iba,Iba(Zaire),-0.5333333,21.25
iba,Iba(Zaire),-2.4333332999999997,17.75
iba balla,Iba Balla(Senegal),15.879444400000002,-16.3625
iba e poshtme,Iba e Poshtme(Albania),41.2375,19.9402778
iba este,Iba Este(Philippines),14.916667000000002,120.766667
iba oeste,Iba Oeste(Philippines),14.916667000000002,120.766667
iba ole,Iba Ole(Nigeria),7.866667,3.733333
iba-abala,Iba-Abala(Nigeria),6.27937,4.612352
iba-ibala,Iba-Ibala(Nigeria),6.27937,4.612352
iba-oku,Iba-Oku(Nigeria),5.057967,7.951024
iba-pobo,Iba-Pobo(Paraguay),-23.6475,-57.391110999999995
iba`ziz,Iba`ziz(Morocco),31.707726,-6.6227979999999995
ibaa,Ibaa(Congo),-3.083333,17.633333
ibaa,Ibaa(Nigeria),4.9425,6.882778
ibaa,Ibaa(Zaire),-3.0833333,17.6333333
ibaai,Ibaai(Papua New Guinea),-7.25,143.43333330000002
ibaan,Ibaan(Philippines),13.8176,121.133
ibaba,Ibaba(Philippines),14.65,120.95
ibaba,Ibaba(Philippines),14.5948,120.3911
ibaba,Ibaba(Philippines),14.7654,120.5401
ibaba,Ibaba(Philippines),14.313811999999999,121.11793200000001
ibaba,Ibaba(Tanzania),-9.4,33.35
ibaba burgos,Ibaba Burgos(Philippines),13.8288,122.0998
ibaba buyucain,Ibaba Buyucain(Philippines),14.1719,121.4371
ibaba del norte,Ibaba del Norte(Philippines),14.3643,121.4794
ibaba del sur,Ibaba del Sur(Philippines),14.3634,121.4796
ibaba- banga,Ibaba- Banga(Philippines),14.1483,121.4716
ibaban,Ibaban(Philippines),15.4035,119.9568
ibabang,Ibabang(Philippines),14.1469,121.45
ibabang,Ibabang(Philippines),13.9408,121.6252
ibabang alsam,Ibabang Alsam(Philippines),14.0217,121.6461
ibabang atingay,Ibabang Atingay(Philippines),14.2097,121.45
ibabang bacong,Ibabang Bacong(Philippines),13.6236,122.2281
ibabang bagumbungan,Ibabang Bagumbungan(Philippines),14.0045,121.6959
ibabang banot,Ibabang Banot(Philippines),13.85,122.11666699999999
ibabang bukal,Ibabang Bukal(Philippines),14.0119,121.5636
ibabang burgos,Ibabang Burgos(Philippines),13.8288,122.0998
ibabang butnong,Ibabang Butnong(Philippines),14.2094,121.428
ibabang calilayan,Ibabang Calilayan(Philippines),13.85,121.95
ibabang casasahan,Ibabang Casasahan(Philippines),13.8289,122.0668
ibabang dupay,Ibabang Dupay(Philippines),13.9408,121.6252
ibabang ilasan,Ibabang Ilasan(Philippines),14.0634,121.6344
ibabang inagbuhan,Ibabang Inagbuhan(Philippines),13.9427,122.0483
ibabang kinagunan,Ibabang Kinagunan(Philippines),13.8935,121.9076
ibabang luguin,Ibabang Luguin(Philippines),14.1086,121.4571
ibabang mayao,Ibabang Mayao(Philippines),13.9158,121.66799999999999
ibabang pacatin,Ibabang Pacatin(Philippines),13.7805,122.1058
ibabang pakatan,Ibabang Pakatan(Philippines),13.7805,122.1058
ibabang panaon,Ibabang Panaon(Philippines),13.8796,121.9807
ibabang pina,Ibabang Pina(Philippines),13.8097,122.0572
ibabang san ignacio,Ibabang San Ignacio(Philippines),13.7197,122.1948
ibabang soliyao,Ibabang Soliyao(Philippines),13.7698,122.1055
ibabang sungi,Ibabang Sungi(Philippines),14.1255,121.4373
ibabang talim,Ibabang Talim(Philippines),13.933333,121.61666699999999
ibabang taykin,Ibabang Taykin(Philippines),14.1355,121.4444
ibabang tayuman,Ibabang Tayuman(Philippines),13.4042,122.5165
ibabang yuni,Ibabang Yuni(Philippines),13.4124,122.4846
ibabao,Ibabao(Philippines),13.9072,121.0708
ibabao,Ibabao(Philippines),10.273056,123.95111100000001
ibabao,Ibabao(Philippines),14.543056,121.347778
ibabao,Ibabao(Philippines),9.205556,123.530833
ibabao,Ibabao(Philippines),10.592157,123.463802
ibabasat,Ibabasat(Philippines),16.381,119.9572
ibabayuti,Ibabayuti(Bolivia (Plurinational State of)),-19.3833333,-63.8833333
ibabban tsuani,Ibabban Tsuani(Nigeria),9.166667,6.966667
ibabi,Ibabi(Congo),-1.4280556,16.3083333
ibabiguti,Ibabiguti(Bolivia (Plurinational State of)),-19.3833333,-63.8833333
ibabiyute,Ibabiyute(Bolivia (Plurinational State of)),-19.9166667,-63.3
ibabiyuti,Ibabiyuti(Bolivia (Plurinational State of)),-19.3833333,-63.8833333
ibabiyuti,Ibabiyuti(Bolivia (Plurinational State of)),-19.9166667,-63.3
ibacache,Ibacache(Chile),-33.5,-71.266667
ibacatu,Ibacatú(Brazil),-29.416666999999997,-53.13333299999999
ibach,Ibach(Switzerland),47.011914000000004,8.643769
ibach,Ibach(Germany),47.733333,8.066667
ibach,Ibach(Germany),51.183333000000005,7.1666669999999995
ibacharo,Ibacharo(Colombia),10.714895,-75.133977
ibachelene,Ibacheléne(Mauritania),15.85,-11.083333300000001
ibacori,Ibacori(Bolivia (Plurinational State of)),-17.4333333,-68.9833333
ibacuajarina,Ibacuajarina(Venezuela (Bolivarian Republic of)),8.603611099999998,-60.72777779999999
ibad,Ibad(Philippines),15.016667000000002,120.28333300000001
ibada,Ibada(Nigeria),10.549183,8.166667
ibada,Ibada(Nigeria),5.675372,5.9563440000000005
ibadakule,Ibadakule(Tanzania),-3.6333333,33.5
ibadakuli,Ibadakuli(Tanzania),-3.6333333,33.5
ibadan,Ibadan(Nigeria),6.533333,2.766667
ibadan,Ibadan(Nigeria),10.383778999999999,12.087195
ibadan,Ibadan(Nigeria),10.844983000000001,4.021152
ibadan,Ibadan(Nigeria),7.387778,3.896389
ibadanchzhan,Ibadanchzhan(China),43.425,125.40888899999999
ibadi ori,Ibadi Ori(Nigeria),8.466667,4.266667
ibadicine,Ibadicine(Morocco),33.679424,-4.66076
ibadja,Ibadja(Congo),3.2,18.683332999999998
ibadja,Ibadja(Zaire),3.2,18.6833333
ibadkala,Ibadkala(Afghanistan),33.427868,68.609886
ibadkheil',Ibadkheil'(Afghanistan),34.927559,69.629868
ibadl',Ibadl'(Afghanistan),33.903889,68.936111
ibadulla,Ibadulla(Azerbaijan),39.484452000000005,44.957388
ibaedong,Ibaedong(Korea (Democratic People's Republic of)),40.8716667,129.5922222
ibaete,Ibaeté(Brazil),-21.95,-48.0
ibafa,Ibafa(Hungary),46.155201,17.916322
ibafo,Ibafo(Nigeria),6.742442,3.421874
ibag,Ibag(Colombia),9.930850999999999,-74.277404
ibag,Ibag(Philippines),11.315,124.82361100000001
ibaga,Ibaga(Gabon),-1.65,11.766666699999998
ibagasin,Ibagasin(Papua New Guinea),-5.383333299999999,145.45
ibagba,Ibagba(Nigeria),6.982717,4.848855
ibagei,Ibagei(Papua New Guinea),-7.2,145.93333330000002
ibaghoutene,Ibaghoutene(Morocco),35.072617,-4.112023000000001
ibaguasuri,Ibaguasuri(Bolivia (Plurinational State of)),-19.033333300000002,-62.4
ibaguasuti,Ibaguasuti(Bolivia (Plurinational State of)),-19.033333300000002,-62.4
ibague,Ibagué(Colombia),9.335098,-75.117586
ibague,Ibagué(Colombia),4.438889,-75.232222
ibague,Ibagué(Colombia),9.930850999999999,-74.277404
ibagum,Ibagum(Papua New Guinea),-3.5833333,141.2
ibagwa-agu,Ibagwa-Agu(Nigeria),6.9695,7.2707
ibahay,Ibahay(Argentina),-27.519687,-57.407447999999995
ibahernando,Ibahernando(Spain),39.325377,-5.9183330000000005
ibahial,Ibahial(Algeria),36.6333333,3.95
ibahim kili,Ibahim Kili(Pakistan),31.249346999999997,69.64119000000001
ibaiti,Ibaiti(Brazil),-23.8469,-50.1886
ibajay,Ibajay(Philippines),11.8199,122.162
ibaji,Ibaji(Nigeria),7.3545,8.0197
ibaka,Ibaka(Congo),-4.266667,23.2
ibaka,Ibaka(Congo),-4.566667,23.233333
ibaka,Ibaka(Congo),-3.4630556000000006,15.345555599999999
ibaka,Ibaka(Nigeria),4.640448,8.304289
ibaka,Ibaka(Nigeria),4.7401230000000005,7.080278
ibaka,Ibaka(Tanzania),-7.3,36.15
ibaka,Ibaka(Zaire),-4.2666667,23.2
ibaka,Ibaka(Zaire),-4.5666667,23.2333333
ibakachi,Ibakachi(Nigeria),5.2364120000000005,7.797316
ibakesi,Ibakesi(Nigeria),5.310293,7.729902
ibakhaten,Ibakhaten(Morocco),31.9746,-4.457633
ibakhly,Ibakhly(Azerbaijan),41.358889000000005,46.859167
ibaki,Ibaki(Congo),1.4063888999999998,17.554444399999998
ibakika,Ibakika(Madagascar),-24.716666699999998,47.15
ibakizen,Ibakizèn(Morocco),30.171019,-8.160647
ibakizene,Ibakizene(Morocco),30.171019,-8.160647
ibakoda,Ibakoda(Papua New Guinea),-7.9166667,146.06666669999998
ibakodia,Ibakodia(Gabon),-0.0666667,11.933333300000001
ibakriene,Ibakriene(Morocco),34.759391,-3.9902559999999996
ibal,Ibal(Burkina Faso),13.566666699999999,0.5166667
ibala,Ibala(Congo),-1.4,19.366667
ibala,Ibala(Gabon),-1.7,12.266666699999998
ibala,Ibala(Nigeria),7.7,4.733333
ibala,Ibalá(Panama),8.3666667,-81.2
ibala,Ibala(Tanzania),-8.7,34.3666667
ibala,Ibala(Zaire),-1.4,19.3666667
ibalam,Ibalam(Afghanistan),34.894062,70.31980899999999
ibalami,Ibalami(Sudan),4.4597222,32.531111100000004
ibalani,Ibalani(Sudan),4.4597222,32.531111100000004
ibalau,Ibalau(Philippines),15.4066,119.9781
ibale,Ibale(Uganda),-0.6833333,30.566666700000003
ibali,Ibali(Congo),-1.05,21.816667000000002
ibali,Ibali(Congo),-2.0333330000000003,18.183332999999998
ibali,Ibali(Zaire),-1.05,21.8166667
ibali,Ibali(Zaire),-2.0333333,18.1833333
ibali-sud,Ibali-Sud(Congo),-2.1333330000000004,18.766667
ibali-sud,Ibali-Sud(Zaire),-2.1333333,18.7666667
ibalilen,Ibalilen(Morocco),29.608840999999998,-9.375826
ibaline,Ibaline(Morocco),29.608840999999998,-9.375826
ibalingongo,Ibalingongo(Congo),-1.85,18.6
ibalingongo,Ibalingongo(Zaire),-1.85,18.6
ibalja,Ibalja(Albania),42.1875,20.0025
iballa,Iballa(Congo),-2.2633332999999998,15.005555599999997
iballe,Iballë(Albania),42.1875,20.0025
iballine,Iballine(Morocco),29.608840999999998,-9.375826
iballingo,Iballingo(Philippines),16.902559,121.096542
iballja,Iballja(Albania),42.1875,20.0025
iballje,Iballjë(Albania),42.1875,20.0025
ibaloulen,Ibaloulèn(Morocco),30.940813000000002,-8.913003
ibaloulene,Ibaloulene(Morocco),30.940813000000002,-8.913003
ibalwala,Ibalwala(Pakistan),30.813140999999998,71.798171
ibam,Ibam(Korea (Democratic People's Republic of)),38.1902778,126.40111110000001
ibam,Ibam(Korea (Democratic People's Republic of)),37.97555560000001,126.45694440000001
ibam,Ibam(Korea (Democratic People's Republic of)),39.643055600000004,125.14
ibam,Ibam(Korea (Democratic People's Republic of)),38.966666700000005,125.85
ibam,Ibam(Korea (Democratic People's Republic of)),41.3166667,129.6666667
ibam,Ibam(Korea),37.9283,128.7602
ibam,Ibam(Korea),36.0409,128.1299
ibam,Ibam(Korea),34.500278,126.471667
ibam,Ibam(Korea),36.251653000000005,127.27579899999999
ibam,Ibam(Korea),34.9,128.166667
ibam,Ibam(Nigeria),5.479188,7.686414
ibam-edet,Ibam-Edet(Nigeria),5.347695,7.764003
ibama,Ibama(Colombia),5.661389,-73.996667
ibamajo,Ibamajo(Nigeria),7.283333,3.066667
ibamba,Ibamba(Congo),-1.6,19.35
ibamba,Ibamba(Congo),-1.516667,17.483333
ibamba,Ibamba(Congo),-1.433333,18.866667
ibamba,Ibamba(Congo),-3.35,12.5
ibamba,Ibamba(Congo),1.25,16.6833333
ibamba,Ibamba(Gabon),-2.2333333,11.116666699999998
ibamba,Ibamba(Gabon),-1.0,12.566666699999999
ibamba,Ibamba(Zaire),-1.6,19.35
ibamba,Ibamba(Zaire),-1.5166667,17.4833333
ibamba,Ibamba(Zaire),-1.4333333000000001,18.8666667
ibambi,Ibambi(Congo),2.3666669999999996,27.616667
ibambi,Ibambi(Zaire),2.3666667,27.616666700000003
ibamdong,Ibamdong(Korea (Democratic People's Republic of)),38.2252778,125.815
ibamdong,Ibamdong(Korea (Democratic People's Republic of)),39.6408333,125.11416670000001
ibamdong,Ibamdong(Korea),36.016667,129.48333300000002
ibamdong,Ibamdong(Korea),35.333333,126.45
ibami,Ibami(Bolivia (Plurinational State of)),-19.8333333,-63.3
ibaminrati,Ibaminrati(Bolivia (Plurinational State of)),-20.5833333,-63.0166667
ibamiragera,Ibamiragera(Bolivia (Plurinational State of)),-19.5166667,-63.4
ibamirajera,Ibamirajera(Bolivia (Plurinational State of)),-19.5166667,-63.4
ibamirante,Ibamirante(Bolivia (Plurinational State of)),-20.8166667,-63.533333299999995
ibamiranti,Ibamiranti(Bolivia (Plurinational State of)),-20.5833333,-63.0166667
ibamirapinta,Ibamirapinta(Bolivia (Plurinational State of)),-19.783333300000002,-63.5166667
ibamirapiugta,Ibamirapiugta(Bolivia (Plurinational State of)),-19.783333300000002,-63.5166667
ibamirapuijta,Ibamirapuijta(Bolivia (Plurinational State of)),-19.783333300000002,-63.5166667
ibamni,Ibamni(Korea (Democratic People's Republic of)),38.0622222,125.5497222
ibamni,Ibamni(Korea (Democratic People's Republic of)),38.5325,126.0611111
ibamni,Ibamni(Korea (Democratic People's Republic of)),40.0030556,124.9763889
ibamni,Ibamni(Korea),37.930113,128.773952
ibamni,Ibamni(Korea),36.555833,128.05166699999998
ibamni,Ibamni(Korea),36.251653000000005,127.27579899999999
iban,Iban(Congo),-3.166667,18.45
iban,Iban(Zaire),-3.1666667,18.45
iban jo tar,Iban jo Tar(Pakistan),24.906411,69.713325
iban kalan,Iban Kalan(Pakistan),30.986110999999998,72.575
ibana,Ibana(Romania),46.466667,27.583333000000003
ibana,Ibana(Uganda),0.5166667,33.4833333
ibanane,Ibanane(Morocco),29.581458,-9.318817999999998
ibanay,Ibanay(Madagascar),-24.45,46.1833333
ibanda,Ibanda(Congo),-2.2166669999999997,17.033333
ibanda,Ibanda(Rwanda),-2.4333332999999997,29.183333299999997
ibanda,Ibanda(Tanzania),-2.6333333,32.9333333
ibanda,Ibanda(Tanzania),-4.5,32.716666700000005
ibanda,Ibanda(Uganda),0.36,30.081111100000005
ibanda,Ibanda(Uganda),-0.1538889,30.531944399999997
ibanda,Ibanda(Zaire),-2.2166667,17.033333300000002
ibandate,Ibandate(Morocco),34.668887,-6.312790000000001
ibaneasa,Ibaneasa(Romania),47.966667,26.733333000000002
ibanes,Ibañes(Mexico),24.283333,-105.66666699999999
ibanesti,Ibanesti(Romania),48.066666999999995,26.366667
ibanesti,Ibanesti(Romania),46.766667,24.933332999999998
ibanesti,Ibanesti(Romania),44.633333,24.383333
ibanesti,Ibanesti(Romania),46.4,27.6
ibanesti padure,Ibanesti Padure(Romania),46.75,25.016667
ibanez,Ibanez(Argentina),-36.037425,-58.602876
ibanez,Ibáñez(Bolivia (Plurinational State of)),-10.766666699999998,-66.5166667
ibanez,Ibañez(Colombia),5.766111,-73.92805600000001
ibanez,Ibáñez(Spain),37.0,-2.05
ibanez,Ibáñez(Mexico),18.883333,-103.875
ibanez,Ibañez(Mexico),24.283333,-105.66666699999999
ibang,Ibang(Korea),35.712621,127.514045
ibanga,Ibanga(Congo),-5.266667,20.333333
ibanga,Ibanga(Congo),-1.566667,27.833333000000003
ibanga,Ibanga(Congo),1.47,17.6280556
ibanga,Ibanga(Gabon),-2.7333333,10.733333300000002
ibanga,Ibanga(Zaire),-5.2666667,20.3333333
ibanga,Ibanga(Zaire),-1.5666666999999999,27.8333333
ibangdong,Ibangdong(Korea (Democratic People's Republic of)),39.595555600000004,126.64944440000001
ibangi,Ibangi(Tanzania),-8.583333300000001,34.8833333
ibangni,Ibangni(Korea (Democratic People's Republic of)),41.4122222,127.9111111
ibangni,Ibangni(Korea),35.634657000000004,128.45021
ibango,Ibango(Angola),-7.316667,14.933333
ibango,Ibango(Cameroon),10.016666699999998,13.433333300000001
ibangoto,Ibangoto(Burkina Faso),13.65,-0.5666667
ibanitz,Ibanitz(Germany),51.216667,13.233332999999998
ibanja unar,Ibanja Unar(Pakistan),26.099486,68.46126
ibankan,Ibankan(Niger),14.4586111,3.6047222000000003
ibankane,Ibankane(Niger),14.4586111,3.6047222000000003
ibano,Ibano(Ethiopia),6.866667,38.75
ibanshe,Ibanshe(Congo),-4.966667,21.5
ibanshe,Ibanshe(Zaire),-4.9666667,21.5
ibao,Ibao(Philippines),11.6886,122.3375
ibaogan,Ibaogan(Philippines),13.15,123.71666699999999
ibaogan,Ibaogan(Philippines),13.0151,123.6462
ibaoko,Ibaoko(Nigeria),6.958467999999999,6.733267999999999
ibaomby,Ibaomby(Madagascar),-24.15,47.3666667
ibaouchene,Ibaouchene(Algeria),36.75,4.9166667
ibapah,Ibapah(United States of America),40.036666700000005,-113.98444440000002
ibapao,Ibapao(Nigeria),8.1,4.183333
ibapawn,Ibapawn(Nigeria),8.1,4.183333
ibapobo,Ibapobó(Paraguay),-19.666667,-58.733332999999995
ibapon,Ibapon(Nigeria),8.083333,4.183333
ibaqalliwn,Ibaqalliwn(Morocco),31.660337,-6.3889510000000005
ibara,Ibara(Japan),34.6,133.466667
ibara orile,Ibara Orile(Nigeria),7.133333,3.25
ibara-oko,Ibara-Oko(Nigeria),7.133333,3.25
ibarac,Ibarac(Montenegro),42.836110999999995,20.161944000000002
ibaradoku,Ibaradoku(Papua New Guinea),-9.516666699999998,147.9
ibaraghene,Ibaraghene(Morocco),31.603756,-7.239615
ibaragi,Ibaragi(Japan),34.816666999999995,135.566667
ibaragu,Ibaragu(Nigeria),6.733333,3.35
ibaraki,Ibaraki(Japan),34.816666999999995,135.566667
ibarama,Ibarama(Brazil),-29.416666999999997,-53.13333299999999
ibarama,Ibarama(Japan),24.509043,124.282972
ibararhen,Ibararhèn(Morocco),31.603756,-7.239615
ibararhen,Ibararhèn(Morocco),32.033004,-6.970589
ibararhene,Ibararhene(Morocco),31.603756,-7.239615
ibararhene,Ibararhene(Morocco),32.033004,-6.970589
ibarasone,Ibarasone(Japan),37.716667,139.0
ibarbaten,Ibarbatèn(Morocco),31.9746,-4.457633
ibarbatene,Ibarbatene(Morocco),31.9746,-4.457633
ibarcici,Ibarcici(Bosnia and Herzegovina),45.0266667,15.974166699999998
ibare,Ibaré(Brazil),-30.816667,-54.266667000000005
ibare,Ibaré(Cameroon),9.016666699999998,12.933333300000001
ibare,Ibare(Nigeria),8.55,4.9
ibare,Ibare(Tanzania),-1.2752778,30.645555600000005
ibare,Ibare(Uganda),-0.7666666999999999,30.1666667
ibarecito,Ibarecito(Bolivia (Plurinational State of)),-15.266666699999998,-64.3833333
ibarenda,Ibarenda(Bolivia (Plurinational State of)),-19.7666667,-62.6166667
ibaretama,Ibaretama(Brazil),-4.866667,-38.883333
ibarfornbek,Ibarfornbek(Papua New Guinea),-5.2166667,141.9
ibarguren,Ibarguren(Spain),42.861165,-2.2782270000000002
ibarhonen,Ibarhonen(Morocco),35.03033,-4.38111
ibarhonene,Ibarhonene(Morocco),35.03033,-4.38111
ibarhouna,Ibarhouna(Morocco),35.03033,-4.38111
ibarhoutene,Ibarhoutene(Morocco),35.072617,-4.112023000000001
ibari,Ibari(Papua New Guinea),-6.95,145.66666669999998
ibaribara,Ibaribara(Nigeria),5.746266,7.985653999999999
ibariguichachic,Ibariguichachic(Mexico),27.55,-107.5
ibariguichochic,Ibariguichochic(Mexico),27.55,-107.5
ibarilla,Ibarilla(Mexico),21.283333,-101.583333
ibarilla,Ibarilla(Mexico),24.385278,-99.661111
ibarissene,Ibarissene(Algeria),36.75,4.8333333
ibarlucea,Ibarlucea(Argentina),-32.848199,-60.792724
ibaro,Ibaro(Japan),30.533333000000002,130.933333
ibaroudiene,Ibaroudiene(Morocco),35.099304,-3.062552
ibarra,Ibarra(Cuba),22.9638889,-81.5169444
ibarra,Ibarra(Ecuador),0.35,-78.1166667
ibarra,Ibarra(Ecuador),-0.3,-78.55
ibarra,Ibarra(Spain),43.04981,-2.565906
ibarra,Ibarra(Mexico),30.9,-116.13333300000001
ibarra,Ibarra(Mexico),15.333332999999998,-92.95
ibarra,Ibarra(Mexico),21.516667,-101.533333
ibarra,Ibarra(Mexico),20.333333,-103.133333
ibarra,Ibarra(Mexico),19.533333,-101.6
ibarra,Ibarra(Mexico),21.866667,-105.28333300000001
ibarra,Ibarra(Mexico),25.683332999999998,-109.016667
ibarra,Ibarra(Philippines),11.683333,124.86666699999999
ibarra,Ibarra(Philippines),10.124722,124.88416699999999
ibarra,Ibarra(Venezuela (Bolivarian Republic of)),10.433333300000001,-67.9666667
ibarra,Ibarra(Venezuela (Bolivarian Republic of)),10.26,-66.3955556
ibarram,Ibarram(Nigeria),7.597524000000001,5.847287000000001
ibarranes,Ibarranes(Morocco),35.413928999999996,-5.3428
ibarranguelua,Ibarranguelua(Spain),43.388756,-2.631477
ibarrapampa,Ibarrapampa(Peru),-15.535,-73.91666670000001
ibarre,Ibarre(Nigeria),9.233333,12.15
ibarreno,Ibarreño(Mexico),21.366667,-105.13333300000001
ibarreta,Ibarreta(Argentina),-25.21438,-59.858509
ibarrilla,Ibarrilla(Mexico),21.283333,-101.583333
ibarrilla,Ibarrilla(Mexico),24.385278,-99.661111
ibarrillas,Ibarrillas(Mexico),21.186667,-101.644444
ibarrola,Ibarrola(Spain),43.293149,-2.5778380000000003
ibarrolle,Ibarrolle(France),43.198368,-1.094062
ibarron,Ibarron(France),43.356056,-1.569233
ibarruri,Ibárruri(Spain),43.240865,-2.673708
ibars de noguera,Ibars de Noguera(Spain),41.852114,0.586083
ibars de urgel,Ibars de Urgel(Spain),41.679579,0.9870709999999999
ibarsko postenje,Ibarsko Postenje(Serbia),43.192221999999994,20.699167000000003
ibaru,Ibaru(Japan),26.090556,127.685278
ibarudien,Ibarudien(Morocco),35.099304,-3.062552
ibaruma,Ibaruma(Japan),24.509043,124.282972
ibas,Ibas(Philippines),14.0535,121.6037
ibasa,Ibasa(Nigeria),6.424167,3.255833
ibasfalau,Ibasfalau(Romania),46.233333,24.566667000000002
ibasha,Ibasha(Nigeria),6.424167,3.255833
ibashilo,Ibashilo(Congo),-3.680278,28.515278000000002
ibashilo,Ibashilo(Zaire),-3.6802778,28.5152778
ibasiriri,Ibasiriri(Bolivia (Plurinational State of)),-19.5166667,-62.4833333
ibasse,Ibasse(Guinea),12.516666699999998,-13.133333300000002
ibaste,Ibaste(Estonia),58.237222200000005,27.108055600000004
ibata,Ibata(Congo),-1.8,17.0
ibata,Ibata(Guinea),8.0166667,-8.15
ibata,Ibata(Kazakhstan),43.366667,68.7
ibata,Ibata(Zaire),-1.8,17.0
ibate,Ibaté(Brazil),-21.95,-48.0
ibatefin,Ibatefin(Nigeria),6.6,2.766667
ibateguara,Ibateguara(Brazil),-8.983333,-35.866667
ibatequara,Ibatequara(Brazil),-8.983333,-35.866667
ibatiba,Ibatiba(Brazil),-20.233333,-41.516667
ibatonene,Ibatonene(Morocco),35.346378,-5.0932
ibatuba,Ibatuba(Brazil),-22.066667000000002,-45.05
ibatui,Ibatuí(Brazil),-11.883333,-38.166667
ibaugan,Ibaugan(Philippines),13.0151,123.6462
ibawan,Ibawan(Philippines),10.8291,124.9446
ibawe kekere,Ibawe Kekere(Nigeria),6.483333,2.8833330000000004
ibawe tukuru,Ibawe Tukuru(Nigeria),6.5,2.8666669999999996
ibawo,Ibawo(Nigeria),11.35,10.55
ibawon,Ibawon(Philippines),10.833333,124.933333
ibayang bukal,Ibayang Bukal(Philippines),14.0119,121.5636
ibayiubi,Ibayiubi(Bolivia (Plurinational State of)),-19.9166667,-63.3
ibaylat,Ibaylat(Morocco),31.722357000000002,-9.442242
ibayo,Ibayo(Philippines),14.75,120.53333300000001
ibayo,Ibayo(Philippines),14.766667000000002,120.95
ibayo,Ibayo(Philippines),14.324523999999998,120.774823
ibayo,Ibayo(Philippines),14.5024,120.999
ibayo,Ibayo(Philippines),14.5417,121.0923
ibayo silangan,Ibayo Silangan(Philippines),14.324523999999998,120.774823
ibayo-tipas,Ibayo-Tipas(Philippines),14.5417,121.0923
ibayong,Ibayong(Philippines),16.863062,121.00584199999999
ibayun,Ibayun(Nigeria),6.95,2.7166669999999997
ibazaouan,Ibazaouan(Niger),14.95,5.6833333
ibazaouane,Ibazaouane(Niger),14.95,5.6833333
ibb,Ibb(Yemen),13.9666667,44.1833333
ibba,Ibba(Sudan),4.7913889,29.1397222
ibba,Ibba(Sudan),7.2733333,28.683888899999996
ibbaben,Ibbaben(Morocco),30.64783,-8.296548
ibbagamuwa,Ibbagamuwa(Sri Lanka),7.55,80.45
ibbagomuwa,Ibbagomuwa(Sri Lanka),7.55,80.45
ibbanella,Ibbanella(Sri Lanka),7.05,81.1
ibbanwali,Ibbanwali(Pakistan),32.333463,74.203257
ibbanwali kalan,Ibbanwali Kalan(Pakistan),32.310546,74.195074
ibbarbo,Ibbarbo(Sweden),60.033333,15.3
ibbawala,Ibbawala(Sri Lanka),6.0,80.4
ibbawela,Ibbawela(Sri Lanka),7.7333333,80.1
ibbe,Ibbe(Senegal),15.879444400000002,-16.3625
ibbenburen,Ibbenbüren(Germany),52.266667,7.733333
ibbetsonabad,Ibbetsonabad(Pakistan),31.188596,72.619321
ibbetsonpur,Ibbetsonpur(Pakistan),31.188596,72.619321
ibbim,Ibbim(Israel),31.533559000000004,34.610265000000005
ibbin,Ibbin(Syrian Arab Republic),36.466666700000005,36.9833333
ibbin,Ibbin(Syrian Arab Republic),36.0833333,36.7666667
ibbine,Ibbîne(Syrian Arab Republic),36.466666700000005,36.9833333
ibbine,Ibbîne(Syrian Arab Republic),36.0833333,36.7666667
ibbojo,Ibbojo(Nigeria),6.516667,2.933333
ibbs,Ibbs(Austria),48.166667,15.083332999999998
ibbu,Ibbu(Namibia),-17.95,24.5166667
ibdah,Ibdah(Saudi Arabia),26.965956,42.346807
ibdar,Ibdar(Jordan),32.662234999999995,35.783762
ibdassene,Ibdassene(Algeria),36.8,4.5
ibder,Ibder(Jordan),32.662234999999995,35.783762
ibdes,Ibdes(Spain),41.216667,-1.833333
ibdi,Ibdi(Indonesia),-1.179403,136.183924
ibdita,Ibdita(Syrian Arab Republic),35.716666700000005,36.533333299999995
ibdow,Ibdow(Somalia),3.55,43.783333299999995
ibe,Ibë(Albania),41.2333333,19.9333333
ibe,Ibe(Congo),3.316667,27.416666999999997
ibe,Ibé(Congo),-2.9044444,16.165
ibe,Ibe(Nigeria),5.44902,7.756872
ibe,Ibe(Nigeria),4.967675,6.8156550000000005
ibe,Ibe(Zaire),3.3166667000000003,27.4166667
ibe e postme,Ibë e Postmë(Albania),41.2375,19.9402778
ibe e siperme,Ibë e Sipërme(Albania),41.2333333,19.9333333
ibe ka khirk,Ibe ka khirk(India),25.0895,78.9614
ibea,Ibéa(Congo),-0.5872222,15.783055599999999
ibeandry,Ibeandry(Madagascar),-23.533333300000002,45.283333299999995
ibeas de juarros,Ibeas de Juarros(Spain),42.330767,-3.536018
ibecik,Ibecik(Turkey),40.511897999999995,36.034937
ibecik,Ibecik(Turkey),36.987184,29.413489000000002
ibecikdere,Ibecikdere(Turkey),36.987184,29.413489000000002
ibede-osi,Ibede-Osi(Nigeria),7.75,4.233333
ibedeni,Ibedeni(Nigeria),5.416594,6.343116
ibedu,Ibedu(Nigeria),4.741023,8.033493
ibeeteyn huryee,Ibeeteyn Hüryee(Mongolia),51.15,99.25
ibefon,Ibefon(Nigeria),6.711137,3.796457
ibefum,Ibefum(Nigeria),6.711137,3.796457
ibefun,Ibefun(Nigeria),6.711137,3.796457
ibega,Ibega(Gabon),-1.3833333,9.2833333
ibegi,Ibegi(Nigeria),6.7598139999999995,8.517357
ibegilik,Ibegilik(Sudan),4.1988889,33.0383333
ibegwa-aka,Ibegwa-Aka(Nigeria),6.9166669999999995,7.4
ibegwa-ani,Ibegwa-Ani(Nigeria),6.898994999999999,7.3423490000000005
ibehena,Ibehena(Madagascar),-20.6,47.3
ibei,Ibei(Congo),-2.9,18.166667
ibei,Ibei(Zaire),-2.9,18.1666667
ibeile,Ibeïle(Chad),12.4011111,15.6511111
ibeju,Ibeju(Nigeria),6.422848999999999,3.5294
ibek,Ibek(Turkey),40.3798,35.228014
ibeka,Ibeka(Niger),15.452222199999998,6.2783333
ibeka-gembo,Ibeka-Gembo(Congo),-1.4,18.85
ibeka-gembo,Ibeka-Gembo(Zaire),-1.4,18.85
ibeke,Ibeke(Congo),-5.6,20.166667
ibeke,Ibeké(Congo),-0.6555555999999999,15.9213889
ibeke,Ibeke(Zaire),-5.6,20.1666667
ibeke biako,Ibeke Biako(Congo),-0.816667,18.483333
ibeke biako,Ibeke Biako(Zaire),-0.8166667,18.4833333
ibeke gembo,Ibeke Gembo(Congo),-1.4,18.85
ibeke gembo,Ibeke Gembo(Zaire),-1.4,18.85
ibeke i,Ibéké I(Congo),-0.6555555999999999,15.9213889
ibeke-bioko,Ibeke-Bioko(Congo),-0.816667,18.483333
ibeke-bioko,Ibeke-Bioko(Zaire),-0.8166667,18.4833333
ibeke-bolia,Ibeke-Bolia(Congo),-1.333333,18.3
ibeke-bolia,Ibeke-Bolia(Zaire),-1.3333333,18.3
ibekhchach,Ibekhchach(Morocco),29.76,-9.85
ibekshi,Ibekshi(Kazakhstan),47.583333,48.716667
ibeku,Ibeku(Nigeria),7.016667,2.8
ibeku,Ibeku(Nigeria),5.461622,7.259687
ibeku alase,Ibeku Alase(Nigeria),7.016667,2.8
ibekwe,Ibekwe(Nigeria),6.1513089999999995,5.898993
ibel,Ibel(Senegal),12.516666699999998,-12.383333300000002
ibel es saqi,Ibel es Saqi(Lebanon),33.356944399999996,35.6333333
ibela,Ibéla(Gabon),0.6833333,14.1
ibelay,Ibelay(Morocco),31.165392999999998,-9.343183
ibele,Ibélé(Burkina Faso),12.7166667,-1.75
ibele,Ibele(Congo),-1.05,18.466667
ibele,Ibele(Zaire),-1.05,18.466666699999998
ibele bobianka,Ibélé Bobianka(Congo),0.4966667,16.7486111
ibelebiri,Ibelebiri(Nigeria),4.935502,6.41527
ibeli-bima,Ibeli-Bima(Congo),2.9666669999999997,18.7
ibeli-bima,Ibeli-Bima(Zaire),2.9666667,18.7
ibelima,Ibelima(Congo),0.6266666999999999,15.349444400000001
ibeljici,Ibeljici(Bosnia and Herzegovina),44.5033333,18.539444399999997
ibeljiouene,Ibeljiouene(Algeria),36.453055600000006,4.4102778
ibella,Ibella(Gabon),0.6833333,14.1
ibellatn,Ibellatn(Morocco),31.22731,-9.629257
ibelu,Ibelu(Nigeria),6.794047999999999,4.03735
ibembo,Ibembo(Congo),2.6333330000000004,23.616667
ibembo,Ibembo(Gabon),-1.8833332999999999,11.65
ibembo,Ibembo(Zaire),2.6333333,23.6166667
ibeme,Ibeme(Nigeria),5.631416000000001,7.1847460000000005
ibemi,Ibemi(Cameroon),5.05,9.2833333
iben hani,Iben Hani(Syrian Arab Republic),35.6,35.75
ibenadene,Ibenadene(Morocco),34.85,-3.56
ibenamtundi,Ibenamtundi(Tanzania),-6.3166667,34.5833333
ibenaoun,Ibenaoun(Morocco),29.75,-9.46
ibenaoune,Ibenaoune(Morocco),29.75,-9.46
ibende,Ibende(Congo),-4.683333,22.166667
ibende,Ibende(Zaire),-4.6833333,22.1666667
ibendorfle,Ibendörfle(Germany),48.083333,8.066667
ibendries,Ibendries(Morocco),35.211533,-5.256083
ibendrisene,Ibendrisene(Morocco),35.0947,-5.051133
ibendua,Ibéndua(Angola),-8.546667,13.520832999999998
ibenga,Ibenga(Congo),-1.7666669999999998,18.45
ibenga,Ibenga(Congo),-0.733333,18.45
ibenga,Ibenga(Congo),2.2844444,18.1016667
ibenga,Ibenga(Equatorial Guinea),0.9333333,9.316666699999999
ibenga,Ibenga(Zambia),-13.366666699999998,28.433333299999997
ibenga,Ibenga(Zaire),-1.7666667,18.45
ibenga,Ibenga(Zaire),-0.7333333000000001,18.45
ibenga-botwali,Ibenga-Botwali(Congo),-1.7666669999999998,18.45
ibenga-botwali,Ibenga-Botwali(Zaire),-1.7666667,18.45
ibengayucudi,Ibengayucudi(Equatorial Guinea),0.9333333,9.316666699999999
ibengayukudi,Ibengayukudi(Equatorial Guinea),0.9333333,9.316666699999999
ibenge,Ibenge(Congo),2.7833330000000003,18.866667
ibenge,Ibenge(Zaire),2.7833333,18.8666667
ibenge-liabo,Ibenge-Liabo(Congo),3.2,18.666667
ibenge-liabo,Ibenge-Liabo(Zaire),3.2,18.6666667
ibenhain,Ibenhain(Germany),50.9,10.566667
ibeni,Ibeni(Congo),-3.2,12.683333300000001
ibenide,Ibénidé(Congo),-3.0141667,12.704722199999999
ibennadene,Ibennadene(Morocco),34.85,-3.56
ibenoun,Ibenoun(Morocco),29.938671999999997,-9.466714
ibenstadt,Ibenstadt(Germany),49.1825,8.055
ibenta iza,Ibenta Iza(Nigeria),6.6666669999999995,8.066667
ibenthan,Ibenthan(Germany),49.2,12.116667
ibenthann,Ibenthann(Germany),49.2,12.116667
ibeo,Ibeo(Dominican Republic),19.2666667,-70.7333333
iber,Iber(Germany),49.55,11.75
iber,Iber(Germany),51.733333,9.883333
iber,Iber(Nigeria),6.866667,9.533333
iber-iber,Iber-iber(Indonesia),-7.6351,112.2142
ibera,Ibera(Mexico),16.116667,-97.8
ibera peteby,Ibera Peteby(Brazil),-23.15,-55.033333
ibera petehy,Ibera Petehy(Brazil),-23.15,-55.033333
ibera petei,Ibera Petei(Brazil),-23.15,-55.033333
ibera petel,Iberá Petel(Brazil),-23.15,-55.033333
iberaf,Iberaf(Morocco),34.911082,-3.421307
iberbi,Iberbi(Morocco),29.470683,-9.005549
iberd,Iberd(Russian Federation),54.2747,40.8675
iberdaane,Iberdaane(Morocco),34.978096,-3.5925050000000005
iberdaten,Iberdatên(Morocco),31.120928000000003,-8.413409
iberdatene,Iberdatene(Morocco),31.120928000000003,-8.413409
iberdazen,Iberdazen(Morocco),31.093219,-7.643456
iberdazene,Iberdazene(Morocco),31.093219,-7.643456
iberdskiy,Iberdskiy(Russian Federation),53.8597,40.2362
iberdus,Iberdus(Russian Federation),54.902778000000005,41.058199
ibere,Ibéré(Burkina Faso),14.1,-2.15
ibere,Ibere(Nigeria),6.668314,3.643925
ibere,Ibere(Nigeria),7.933333,4.2
ibere,Ibere(Nigeria),5.502025,7.639419
iberege,Iberege(Tanzania),-8.516666699999998,34.7333333
ibereko,Ibereko(Nigeria),6.45,2.916667
iberekodo,Iberekodo(Nigeria),6.43766,3.856988
iberekodo,Iberekodo(Nigeria),7.55,3.4666669999999997
iberenta,Iberenta(Nigeria),5.446988,7.610717
iberg,Iberg(Germany),51.416667,10.35
iberia,Iberia(Bolivia (Plurinational State of)),-14.7833333,-66.8833333
iberia,Iberia(Colombia),9.43678,-75.533057
iberia,Iberia(Colombia),10.820457000000001,-74.16735200000001
iberia,Iberia(Cuba),21.0319444,-76.21722220000001
iberia,Iberia(Ecuador),-1.9166667000000002,-79.7333333
iberia,Iberia(Guatemala),16.45,-90.05
iberia,Iberia(Mexico),26.066667000000002,-103.466667
iberia,Iberia(Peru),-17.1333333,-71.85
iberia,Iberia(Peru),-5.6666667,-74.15
iberia,Iberia(Peru),-11.35,-69.58333329999999
iberia,Iberia(United States of America),37.3730556,-86.1661111
iberia,Iberia(United States of America),44.2391667,-94.695
iberia,Iberia(United States of America),38.0902778,-92.2925
iberia,Iberia(United States of America),40.6702778,-82.84361109999999
iberia hacienda,Iberia Hacienda(Peru),-17.1333333,-71.85
iberis,Iberis(United States of America),37.718611100000004,-76.45638890000001
iberkchichene,Iberkchichene(Morocco),34.83,-4.45
iberkhoussen,Iberkhoussen(Morocco),31.335939,-6.187730999999999
iberkhoussene,Iberkhoussene(Morocco),31.335939,-6.187730999999999
iberli,Iberli(North Macedonia),41.4480556,22.2886111
iberlija,Iberlija(North Macedonia),41.4480556,22.2886111
ibernos,Ibernös(Finland),60.283333,22.2
ibero,Íbero(Spain),42.802876,-1.7750650000000001
ibersheim,Ibersheim(Germany),49.721667,8.399722
ibertioga,Ibertioga(Brazil),-21.416667,-43.966667
ibertsberg,Ibertsberg(Austria),47.918333000000004,13.064444
iberville,Iberville(Canada),45.316666999999995,-73.233333
iberville,Iberville(United States of America),30.295833299999998,-91.1166667
iberville terrace,Iberville Terrace(United States of America),30.368888899999998,-91.0894444
ibese,Ibese(Nigeria),6.4102239999999995,3.256361
ibese,Ibese(Nigeria),6.959352,3.0375810000000003
ibeshe,Ibeshe(Nigeria),6.4102239999999995,3.256361
ibeshe,Ibeshe(Nigeria),6.959352,3.0375810000000003
ibeshi,Ibeshi(Nigeria),6.5550559999999995,3.473587
ibesikpo,Ibesikpo(Nigeria),5.329055,7.752632000000001
ibesit,Ibesit(Nigeria),4.753431,7.6296
ibestad,Ibestad(Norway),68.8,17.133333
ibeta,Ibeta(Tanzania),-5.2333333,32.533333299999995
ibeteyn khure,Ibeteyn khure(Mongolia),51.15,99.25
ibeto,Ibeto(Nigeria),10.485358,5.145015
ibeton kafi,Ibeton Kafi(Nigeria),10.251541,5.134027
ibeton kari,Ibeton Kari(Nigeria),10.216667,5.133333
ibevaho,Ibevaho(Madagascar),-23.85,46.5166667
ibewa,Ibewa(Nigeria),5.234719,6.679297999999999
ibex,Ibex(United States of America),38.1761111,-83.0736111
ibex,Ibex(United States of America),38.8825,-113.4411111
ibey,Ibey(Congo),-2.9,18.166667
ibey,Ibey(Zaire),-2.9,18.1666667
ibeya,Ibeya(Tanzania),-5.2333333,32.533333299999995
ibeyde,Ibéydé(Chad),14.266666699999998,22.3333333
ibezazine,Ibezazine(Morocco),34.666514,-4.658483
ibezmou,Ibezmou(Syrian Arab Republic),36.1666667,36.8666667
ibgag el hatab,Ibgag el Hatab(Egypt),28.45,30.6666667
ibhani,Ibhani(Zambia),-13.483333300000002,32.75
ibharganene,Ibharganene(Morocco),34.93,-3.53
ibhiedu,Ibhiedu(Nigeria),6.483803,6.429016000000001
ibi,Ibi(Burkina Faso),13.483333300000002,-1.7666667
ibi,Ibi(Spain),38.625334,-0.572246
ibi,Ibi(Japan),35.483333,136.566667
ibi,Ibi(Japan),34.25,134.683333
ibi,Ibi(Mali),14.483333300000002,-3.2666667
ibi,Ibi(Nigeria),6.7644,8.8778
ibi,Ibi(Nigeria),7.883333,10.333333
ibi,Ibi(Nigeria),5.769233,6.9008020000000005
ibi,Ibi(Nigeria),9.616667,4.783333
ibi,Ibi(Nigeria),10.050117,12.636572
ibi,Ibi(Nigeria),5.931113,7.942817999999999
ibi,Ibi(Papua New Guinea),-6.0833333,143.2666667
ibi,Ibi(Turkey),40.973622999999996,35.892108
ibi koudre,Ibi Koudré(Burkina Faso),13.483333300000002,-1.7666667
ibi palga,Ibi Palga(Burkina Faso),13.5,-1.7333333
ibi-cho,Ibi-cho(Japan),35.483333,136.566667
ibia,Ibiá(Brazil),-19.483333,-46.533333
ibia,Ibiã(Brazil),-27.166666999999997,-51.233333
ibia,Ibia(Congo),-3.083333,17.1
ibia,Ibia(Nigeria),5.183333,6.316667
ibia,Ibia(Zaire),-3.0833333,17.1
ibia'e,Ibia'e(Brazil),-28.5,-50.933333000000005
ibiabong eki,Ibiabong Eki(Nigeria),5.2928,8.0778
ibiac,Ibiac(Papua New Guinea),-3.65,141.2333333
ibiaca,Ibiaçá(Brazil),-28.05,-51.866667
ibiacema,Ibiacema(Brazil),-11.316667,-43.166667
ibiaci,Ibiaci(Brazil),-22.916667,-51.016667
ibiacu,Ibiaçu(Brazil),-14.266667000000002,-39.25
ibiacuce,Ibiaçucê(Brazil),-14.283332999999999,-42.283333
ibiade,Ibiade(Nigeria),6.536476,4.333726
ibiagidi,Ibiagidi(Nigeria),6.681824000000001,8.900356
ibiagui,Ibiagui(Brazil),-13.05,-44.2
ibiahy,Ibiahy(Brazil),-16.858889,-44.910556
ibiai,Ibiaí(Brazil),-16.858889,-44.910556
ibiajara,Ibiajara(Brazil),-13.0,-42.2
ibiakpan,Ibiakpan(Nigeria),5.078285,7.811597
ibiakpan no.1,Ibiakpan No.1(Nigeria),5.098292,7.795877000000001
ibiakpan no.2,Ibiakpan No.2(Nigeria),5.078285,7.811597
ibiaku,Ibiaku(Nigeria),5.108916000000001,7.972025
ibiaku esa ekpo,Ibiaku Esa Ekpo(Nigeria),4.701127,7.782727
ibiaku ikot edet,Ibiaku Ikot Edet(Nigeria),5.148495,7.760522999999999
ibiaku ikot ekpenyong,Ibiaku Ikot Ekpenyong(Nigeria),4.80661,7.7784059999999995
ibiaku ikot oku,Ibiaku Ikot Oku(Nigeria),5.184598,7.872444000000001
ibiaku ikot ukpong,Ibiaku Ikot Ukpong(Nigeria),5.063943,7.853834
ibiaku ikotekpenyon,Ibiaku Ikotekpenyon(Nigeria),4.80661,7.7784059999999995
ibiaku ishiet,Ibiaku Ishiet(Nigeria),4.941147,8.009661
ibiaku ntok okpo,Ibiaku Ntok Okpo(Nigeria),5.3093580000000005,7.710382000000001
ibiaku offot,Ibiaku Offot(Nigeria),5.026217,7.967861999999999
ibiaku oku obom,Ibiaku Oku Obom(Nigeria),5.165271,7.859191
ibiaku-ikot-esifa,Ibiaku-Ikot-Esifa(Nigeria),5.290461,7.817150999999999
ibiaku-uran,Ibiaku-Uran(Nigeria),5.0994720000000004,7.959847
ibiam,Ibiam(Brazil),-27.166666999999997,-51.233333
ibianang,Ibianang(Nigeria),5.200957,7.8246020000000005
ibiangnalaqui,Ibiangnalaqui(Philippines),14.05,121.566667
ibiapaba,Ibiapaba(Brazil),-5.05,-40.916667
ibiapaba,Ibiapaba(Brazil),-20.233333,-40.416667
ibiapina,Ibiapina(Brazil),-3.916667,-40.9
ibiapina,Ibiapina(Brazil),-7.533333,-37.816666999999995
ibiapina,Ibiapina(Brazil),-7.8333330000000005,-35.883333
ibiapinopolis,Ibiapinópolis(Brazil),-7.05,-36.35
ibiapora,Ibiaporã(Brazil),-12.05,-40.816666999999995
ibiaporan,Ibiaporan(Brazil),-12.05,-40.816666999999995
ibiapukiri,Ibiapukiri(Nigeria),4.333156,6.610983
ibiara,Ibiara(Brazil),-7.5,-38.416667
ibias,Ibias(Spain),43.038495000000005,-6.873760000000001
ibiassuce,Ibiassucê(Brazil),-14.283332999999999,-42.283333
ibiatiara,Ibiatiara(Brazil),-7.1,-40.0
ibiatuk,Ibiatuk(Nigeria),5.1751830000000005,7.897069
ibibia,Ibibia(Nigeria),5.506357,7.6482850000000004
ibibio palm tapper settlement,Ibibio Palm Tapper Settlement(Nigeria),4.746325,6.637757000000001
ibibo,Ibibo(Tanzania),-6.0,37.1
ibibobo,Ibibobo(Bolivia (Plurinational State of)),-19.55,-63.716666700000005
ibibobo,Ibibobo(Bolivia (Plurinational State of)),-21.5833333,-62.966666700000005
ibibse,Ibibse(Turkey),40.276308,36.407278000000005
ibicaba,Ibicaba(Brazil),-19.966667,-41.216667
ibicaba,Ibicaba(Brazil),-21.5,-47.4
ibicacu,Ibicacú(Brazil),-29.533333000000002,-50.8
ibicarai,Ibicaraí(Brazil),-14.85,-39.6
ibicare,Ibicaré(Brazil),-27.116667,-51.4
ibicatu,Ibicatu(Brazil),-6.9,-39.45
ibich,Ibich(Germany),48.1,8.1
ibichhof,Ibichhof(Germany),48.1,8.1
ibichichen,Ibichichèn(Morocco),30.713162,-8.07903
ibichichene,Ibichichene(Morocco),30.713162,-8.07903
ibichichne,Ibichichne(Morocco),30.713162,-8.07903
ibichiku,Ibichiku(Mongolia),50.0833333,106.6
ibicoara,Ibicoara(Brazil),-13.4,-41.3
ibicua,Ibicuã(Brazil),-5.933333,-39.416667
ibicui,Ibicuí(Brazil),-14.85,-39.983333
ibicui,Ibicuí(Brazil),-22.9606,-44.0266
ibicuipeba,Ibicuipeba(Brazil),-5.25,-38.116667
ibicuitaba,Ibicuitaba(Brazil),-4.738889,-37.312222
ibicuitanga,Ibicuitanga(Brazil),-4.983333,-38.65
ibicuitinga,Ibicuitinga(Brazil),-4.983333,-38.65
ibicuituba,Ibicuituba(Brazil),-2.55,-43.233333
ibicuy,Ibicuy(Argentina),-33.744109,-59.154714
ibicuy,Ibicuy(Bolivia (Plurinational State of)),-18.85,-63.4
ibid,Ibid(Philippines),13.7031,123.09200000000001
ibidagaia,Ibidagaia(Ethiopia),7.816667,34.65
ibidi,Ibidi(Nigeria),4.3277849999999995,6.517655
ibido,Ibido(Nigeria),6.75,3.916667
ibiduwa,Ibiduwa(Papua New Guinea),-9.766666699999998,149.7
ibie,Ibie(Nigeria),4.899294,7.537267999999999
ibie iyakpe,Ibie Iyakpe(Nigeria),7.0518,6.287000000000001
ibie nale,Ibie Nale(Nigeria),7.0549,6.3043
ibieca,Ibieca(Spain),42.160786,-0.20855500000000002
ibiesse,Ibiesse(Congo),-1.6919444,16.060833300000002
ibig,Ibig(Philippines),13.7031,123.09200000000001
ibignan,Ibignan(Nigeria),7.25,2.7833330000000003
ibigny,Ibigny(France),48.642796999999995,6.89928
ibihwa,Ibihwa(Tanzania),-5.9166667,35.3666667
ibijane,Ibijane(Morocco),35.454522,-5.24019
ibijuwon,Ibijuwon(Nigeria),7.216667,4.066667
ibik,Ibik(Turkey),40.696176,34.660689
ibika,Ibika(Nigeria),9.833333,7.933333
ibikan,Ibikan(Turkey),38.251975,40.17929
ibikasi,Ibikasi(Turkey),40.120183000000004,37.84876
ibikkaya,Ibikkaya(Turkey),38.123353,39.274208
ibikkoy,Ibikkoy(Turkey),40.696176,34.660689
ibikli,Ibikli(Turkey),39.532083,34.340626
ibikseydi,Ibikseydi(Turkey),39.56,31.432221999999996
ibiku,Ibiku(Nigeria),6.483333,3.083333
ibil,Ibil(Nigeria),6.4891,8.6206
ibil as saqi,Ibil as Saqi(Lebanon),33.356944399999996,35.6333333
ibil as saqy,Ibil as Saqy(Lebanon),33.356944399999996,35.6333333
ibil es-saqi,Ibil es-saqi(Lebanon),33.356944399999996,35.6333333
ibila,Ibila(Nigeria),7.033333,8.85
ibila,Ibila(Nigeria),6.287649,4.824681
ibila-bolea,Ibila-Bolea(Congo),0.983333,23.883333
ibila-bolea,Ibila-Bolea(Zaire),0.9833333000000001,23.8833333
ibilcieta,Ibilcieta(Spain),42.838952,-1.104402
ibile,Ibilé(Chad),9.2833333,16.0
ibili,Ibili(Nigeria),10.55,5.316667
ibiliki,Ibiliki(Congo),-2.25,27.416666999999997
ibiliki,Ibiliki(Zaire),-2.25,27.4166667
ibilla,Ibilla(Nigeria),6.287649,4.824681
ibillo,Ibillo(Nigeria),7.437392999999999,6.06947
ibilo,Ibilo(Central African Republic),4.25,17.4333333
ibim,Ibim(Israel),31.533559000000004,34.610265000000005
ibima,Ibima(Nigeria),5.119674,6.9026179999999995
ibimahmut,Ibimahmut(Turkey),39.029164,39.792239
ibimbo,Ibimbo(Equatorial Guinea),1.8666667000000001,9.7833333
ibimbo,Ibimbo(Uganda),0.1,29.883333299999997
ibimirim,Ibimirim(Brazil),-8.533333,-37.7
ibina,Ibina(Nigeria),5.703938,7.652383
ibinabam,Ibinabam(Nigeria),5.5891,8.026143
ibinagalegu,Ibinagalegu(Nigeria),6.683333,8.183333
ibinagbam,Ibinagbam(Nigeria),5.5891,8.026143
ibinamae,Ibinamae(Equatorial Guinea),0.9,9.3
ibind,Ibind(Germany),50.133333,10.633333
ibinda,Ibinda(Congo),-1.3777778,15.844722199999998
ibinda,Ibinda(Chad),11.95,18.9833333
ibindi,Ibindi(Tanzania),-6.5333333,31.0833333
ibindi-lukandja,Ibindi-Lukandja(Congo),-4.347222,28.8275
ibindi-lukandja,Ibindi-Lukandja(Zaire),-4.3472222,28.8275
ibindo,Ibindo(Tanzania),-2.8,33.45
ibindouka,Ibindouka(Congo),-4.0130556,12.6261111
ibine,Ibine(Nigeria),5.928846,8.272219999999999
ibing,Ibing(Mongolia),49.2666667,105.3
ibing bayshing,Ibing Bayshing(Mongolia),49.2666667,105.3
ibinga,Ibinga(Congo),-3.766667,18.9
ibinga,Ibinga(Gabon),0.6833333,13.05
ibinga,Ibinga(Zaire),-3.7666667,18.9
ibingo,Ibingo(Tanzania),-3.8,33.35
ibini,Ibini(Nigeria),5.748463,7.957957
ibini ogele,Ibini Ogele(Nigeria),6.483333,4.966667
ibinibi,Ibinibi(Papua New Guinea),-6.383333299999999,145.25
ibinoro,Ibinoro(Papua New Guinea),-5.4333333,145.43333330000002
ibinta,Ibinta(Nigeria),6.6324,8.4256
ibinta,Ibinta(Nigeria),5.903835,7.243946
ibio,Ibio(Spain),43.312781,-4.17698
ibio,Ibio(Nigeria),6.783333,2.916667
ibiong okpo eto ii,Ibiong Okpo Eto II(Nigeria),5.292085,7.583071
ibiono,Ibiono(Nigeria),5.253304,7.840549
ibiono ewura,Ibiono Ewura(Nigeria),5.367399,7.777464
ibionu,Ibionu(Nigeria),5.338718,7.638650999999999
ibiopaba,Ibiopaba(Brazil),-20.233333,-40.416667
ibipeba,Ibipeba(Brazil),-11.633333,-42.033333
ibipeju,Ibipeju(Nigeria),7.383333,3.683333
ibipetuba,Ibipetuba(Brazil),-11.0,-44.533333
ibipetum,Ibipetum(Brazil),-11.816667,-42.65
ibipeuara,Ibipeuara(Brazil),-2.9666669999999997,-44.85
ibipira,Ibipira(Brazil),-6.516667,-44.633333
ibipitanga,Ibipitanga(Brazil),-12.9,-42.5
ibipora,Ibiporã(Brazil),-23.283333,-51.05
ibiporanga,Ibiporanga(Brazil),-14.583332999999998,-40.016667
ibiporanga,Ibiporanga(Brazil),-20.416667,-49.6
ibipse,Ibipse(Turkey),40.276308,36.407278000000005
ibiquara,Ibiquara(Brazil),-13.4,-41.3
ibiquera,Ibiquera(Brazil),-12.633333,-40.95
ibiquitaba,Ibiquitaba(Brazil),-4.738889,-37.312222
ibir,Ibir(Guinea),12.383333300000002,-12.9
ibir,Ibir(Chad),10.683333300000001,19.35
ibira,Ibirá(Brazil),-21.1,-49.283333
ibira peteym,Ibira Peteym(Brazil),-23.15,-55.033333
ibiraba biraba,Ibiraba Biraba(Brazil),-10.8,-42.833333
ibiracatu,Ibiracatu(Brazil),-15.65,-44.183333000000005
ibiraci,Ibiraci(Brazil),-20.466667,-47.133333
ibiracu,Ibiraçu(Brazil),-19.833333,-40.366667
ibiracy,Ibiracy(Brazil),-20.466667,-47.133333
ibiraiaras,Ibiraiaras(Brazil),-28.366667,-51.65
ibiraja,Ibirajá(Brazil),-17.2,-40.15
ibirajuba,Ibirajuba(Brazil),-8.583333,-36.183333000000005
ibirama,Ibirama(Brazil),-27.0546,-49.516000000000005
ibiran,Ibiran(Yemen),13.4,43.95
ibiranete,Ibiranete(Brazil),-23.15,-55.033333
ibiranga,Ibiranga(Brazil),-7.4,-35.233333
ibiranhem,Ibiranhém(Brazil),-17.833333,-40.166667
ibirapitanga,Ibirapitanga(Brazil),-14.15,-39.366667
ibirapitinga,Ibirapitinga(Brazil),-14.15,-39.366667
ibirapua,Ibirapuã(Brazil),-17.65,-40.116667
ibirapucuti,Ibirapucuti(Bolivia (Plurinational State of)),-19.6833333,-63.2333333
ibirapuera,Ibirapuera(Brazil),-21.75,-50.966667
ibirapuita,Ibirapuitã(Brazil),-28.566667,-52.55
ibirarema,Ibirarema(Brazil),-22.816667000000002,-50.1
ibirataia,Ibirataia(Brazil),-14.066667,-39.633333
ibiratanha,Ibiratanha(Brazil),-5.3,-38.05
ibiratinga,Ibiratinga(Brazil),-8.533333,-35.266667
ibiri,Ibiri(Korea),33.275556,126.658056
ibiri,Ibiri(Niger),13.1063889,4.0038889
ibiri,Ibiri(Tanzania),-4.9333333,32.55
ibiricu,Ibiricu(Spain),42.75,-2.016667
ibirite,Ibirité(Brazil),-20.033333,-44.066666999999995
ibirituba,Ibirituba(Brazil),-12.416667,-38.116667
ibirler,Ibirler(Turkey),39.763889,27.948611
ibirocaim,Ibirocaim(Brazil),-13.733332999999998,-41.766667
ibiruba,Ibirubá(Brazil),-28.633333,-53.1
ibirucucu,Ibirucuçu(Brazil),-20.6,-54.75
ibis,Ibis(Pakistan),29.5448,67.8764
ibis,Ibis(Turkey),40.963333,43.613611
ibis,Ibis(United States of America),34.94,-114.79166670000001
ibish,Ibish(Armenia),40.9833333,43.65
ibiski,Ibiski(Turkey),40.440914,37.030683
ibiskoy,Ibiskoy(Turkey),40.963333,43.613611
ibisler,Ibislér(Greece),41.35,24.45
ibisler,Ibisler(Turkey),41.214667999999996,33.669175
ibiso,Ibiso(Tanzania),-1.7166667000000002,33.85
ibissa,Ibissa(Mali),15.05,-3.2666667
ibistepe,Ibistepe(Turkey),39.25,28.283333000000002
ibisu,Ibisu(Tanzania),-1.7166667000000002,33.85
ibit,Ibit(Philippines),13.7031,123.09200000000001
ibiteroku,Ibiteroku(Nigeria),6.65,8.116667
ibiti,Ibiti(Brazil),-22.666667,-46.683333000000005
ibiti oye,Ibiti Oye(Nigeria),7.4166669999999995,4.05
ibitiara,Ibitiara(Brazil),-12.65,-42.216667
ibitiara,Ibitiara(Brazil),-7.1,-40.0
ibitibi,Ibitibi(Bolivia (Plurinational State of)),-21.6,-63.8166667
ibitida,Ibitida(Papua New Guinea),-6.2333333,142.0333333
ibitiguacu,Ibitiguaçu(Brazil),-21.5,-42.083333
ibitiguaia,Ibitiguaia(Brazil),-21.949722,-43.415833
ibitiguassu,Ibitiguassú(Brazil),-21.5,-42.083333
ibitiguira,Ibitiguira(Brazil),-13.2,-40.15
ibitinema,Ibitinema(Brazil),-21.55,-42.283333
ibitinga,Ibitinga(Brazil),-21.75,-48.816666999999995
ibitioca,Ibitioca(Brazil),-21.816667000000002,-41.466667
ibitipoca,Ibitipoca(Brazil),-21.55,-43.916667
ibitipora,Ibitiporã(Brazil),-21.466667,-42.033333
ibitiquira,Ibitiquira(Brazil),-13.2,-40.15
ibitira,Ibitira(Brazil),-14.116667000000001,-42.083333
ibitira,Ibitira(Brazil),-19.45,-45.133333
ibitira,Ibitira(Brazil),-21.85,-47.633333
ibitira,Ibitira(Brazil),-7.4,-35.233333
ibitirama,Ibitirama(Brazil),-20.533333,-41.666667
ibitiranga,Ibitiranga(Brazil),-7.6666669999999995,-37.7
ibitirucu,Ibitiruçu(Brazil),-7.25,-38.316666999999995
ibitiruna,Ibitiruna(Brazil),-21.15,-44.75
ibitiruna,Ibitiruna(Brazil),-22.774167000000002,-47.962778
ibitita,Ibititá(Brazil),-11.566667,-41.966667
ibitiuna,Ibitiuna(Brazil),-22.774167000000002,-47.962778
ibitiura,Ibitiúra(Brazil),-22.066667000000002,-46.433333000000005
ibitiuva,Ibitiúva(Brazil),-20.983333,-48.333333
ibitsag,Ibitsag(Mongolia),50.0833333,106.6
ibitseg,Ibitseg(Mongolia),50.0833333,106.6
ibitsik,Ibitsik(Mongolia),50.0833333,106.6
ibitsikh,Ibitsikh(Mongolia),50.0833333,106.6
ibitsiku,Ibitsïku(Mongolia),50.0833333,106.6
ibitsyk,Ibitsyk(Mongolia),50.0833333,106.6
ibitu,Ibitu(Brazil),-20.616667,-48.75
ibituba,Ibituba(Brazil),-19.683332999999998,-41.016667
ibitunane,Ibitunane(Brazil),-11.55,-42.75
ibitupa,Ibitupã(Brazil),-14.516667000000002,-39.866667
ibituporanga,Ibituporanga(Brazil),-22.764167,-43.791667
ibitura,Ibitura(Brazil),-20.983333,-48.333333
ibituruma,Ibituruma(Brazil),-21.15,-44.75
ibituruna,Ibituruna(Brazil),-21.15,-44.75
ibitzyk,Ibitzyk(Mongolia),50.0833333,106.6
ibiuna,Ibiúna(Brazil),-23.654522,-47.218152
ibiwo,Ibiwo(Nigeria),6.783333,2.916667
ibiwuru,Ibiwuru(Nigeria),7.0137,5.9182
ibiya,Ibiya(Niger),14.5333333,2.2666667
ibiyade,Ibiyade(Nigeria),6.536476,4.333726
ibiyan,Ibiyan(Nigeria),7.25,2.7833330000000003
ibiza,Ibiza(Spain),38.910629,1.430926
ibizmou,Ibizmou(Syrian Arab Republic),36.1666667,36.8666667
ibizmu,Ibizmu(Syrian Arab Republic),36.1666667,36.8666667
ibjaj al hatab,Ibjaj al Hatab(Egypt),28.45,30.6666667
ibkarene,Ibkarene(Algeria),36.6333333,4.4833333
ibkhas,Ibkhas(Egypt),30.428888899999997,31.060555600000004
ibkot,Ibkot(Pakistan),34.370810999999996,73.78763599999999
iblak,Iblak(Turkey),41.741755,34.843326
ibli ulia,Ibli Ulia(Iran (Islamic Republic of)),37.7527,48.2367
ibli-ulya,Ibli-Ulya(Iran (Islamic Republic of)),37.7527,48.2367
iblik,Iblik(Turkey),41.741755,34.843326
iblioglu,Iblioglu(Turkey),37.67137,36.000601
iblu,Iblu(Ethiopia),12.383333,38.783333
ibm,Ibm(Austria),48.066666999999995,12.966667
ibm,Ibm(Chad),10.683333300000001,19.35
ibn `a'ish,Ibn `A'ish(Saudi Arabia),30.303788,42.352492
ibn `abbas,Ibn `Abbas(Yemen),15.364722199999997,42.7975
ibn `ani,Ibn `Ani(Iraq),32.383055600000006,45.9277778
ibn `isa,Ibn `Isa(Saudi Arabia),26.35,43.983333
ibn aouida,Ibn Aouida(Morocco),31.78,-9.33
ibn ati,Ibn Ati(Iraq),32.383055600000006,45.9277778
ibn del ralam,Ibn del Ralam(Chad),14.15,20.0833333
ibn hadi,Ibn Hadi(Saudi Arabia),18.121381,41.910866
ibn hajib,Ibn Hajib(Yemen),15.866666699999998,44.15
ibn hakim,Ibn Hakim(Egypt),31.414166700000003,31.833611100000002
ibn hani',Ibn Hani'(Syrian Arab Republic),35.6,35.75
ibn husain al j'ain,Ibn Husain al J'ain(Iraq),31.366666700000003,46.216666700000005
ibn husayn,Ibn Husayn(Iraq),31.366666700000003,46.216666700000005
ibn kalu,Ibn Kalu(Syrian Arab Republic),36.9333333,41.2872222
ibn khaldun,Ibn Khaldun(Saudi Arabia),26.4225,50.102222
ibn khuldun,Ibn Khuldun(Saudi Arabia),26.4225,50.102222
ibn lughaysim,Ibn Lughaysim(Saudi Arabia),28.235955999999998,45.246373
ibn mansur,Ibn Mansur(Iraq),32.3166667,44.6166667
ibn muhammad,Ibn Muhammad(Iraq),33.16,44.423333299999996
ibn qalaou,Ibn Qalâou(Syrian Arab Republic),36.9333333,41.2872222
ibn qalaw,Ibn Qalaw(Syrian Arab Republic),36.9333333,41.2872222
ibn qawrah,Ibn Qawrah(Yemen),15.710555599999998,50.53194439999999
ibn qurah,Ibn Qurah(Yemen),15.710555599999998,50.53194439999999
ibn sa`dan,Ibn Sa`dan(Saudi Arabia),23.966667,45.133333
ibn sharar,Ibn Sharar(Saudi Arabia),27.830787,46.411495
ibn shuraym,Ibn Shuraym(Saudi Arabia),29.948871,43.365024
ibn su`ayyid,Ibn Su`ayyid(Saudi Arabia),31.068416,40.785686
ibn suqi,Ibn Suqi(Saudi Arabia),29.759767999999998,43.265677000000004
ibn tuwalah,Ibn Tuwalah(Saudi Arabia),28.61082,45.390157
ibn ziad,Ibn Ziad(Algeria),36.3788889,6.4741667000000005
ibnahs,Ibnahs(Egypt),30.566666700000003,31.116666700000003
ibnat,Ibnat(Ethiopia),12.133333,38.05
ibne udo,Ibne Udo(Pakistan),27.845707,68.43493199999999
ibniyi,Ibniyi(India),28.633333,95.7
ibo,Ibo(Bolivia (Plurinational State of)),-20.45,-63.4333333
ibo,Ibo(Bolivia (Plurinational State of)),-19.5,-63.35
ibo,Ibó(Brazil),-12.283333,-37.933333000000005
ibo,Ibó(Brazil),-8.616667,-39.733333
ibo,Ibo(Côte d'Ivoire),4.606274,-7.206747999999999
ibo,Ibo(Indonesia),-4.383333,136.7
ibo,Ibo(Korea),37.106389,127.30916699999999
ibo,Ibo(Mozambique),-12.333333300000001,40.5833333
ibo,Ibo(Nigeria),9.150278,7.195833
ibo,Ibo(Nigeria),6.217171,5.371601
ibo,Ibo(Nigeria),11.1367,5.681582
ibo,Ibo(Philippines),6.549444,125.42138899999999
ibo,Ibo(Philippines),10.516667,123.96666699999999
ibo,Ibo(Philippines),10.33,123.984444
ibo,Ibo(Philippines),10.3657,123.6206
ibo,Ibo(Chad),13.8,14.5
ibo,Ibo(Togo),6.883333299999999,0.7833333
ibo dan jari,Ibo Dan Jari(Niger),14.6,7.2
ibo town,Ibo Town(Gambia),13.435277800000001,-16.6763889
iboa,Iboa(Congo),-5.2,20.333333
iboa,Iboa(Venezuela (Bolivarian Republic of)),3.9961111000000002,-67.3630556
iboa,Iboa(Venezuela (Bolivarian Republic of)),10.263333300000001,-68.85055559999999
iboa,Iboa(Zaire),-5.2,20.3333333
iboaly,Iboaly(Madagascar),-22.65,46.5666667
ibobi,Ibobi(Bolivia (Plurinational State of)),-19.95,-63.3166667
ibobio,Ibobio(Nigeria),4.67404,6.265547
ibobo,Ibobo(Burkina Faso),11.7166667,-0.7166667
ibobo,Ibobo(Madagascar),-24.95,46.2666667
ibobobo,Ibobobo(Bolivia (Plurinational State of)),-21.5833333,-62.966666700000005
iboboli,Iboboli(Congo),-1.3586111,15.5411111
ibobolia,Ibobolia(Côte d'Ivoire),6.820392999999999,-6.425537
ibochi,Ibochi(Nigeria),7.116667,7.216667
ibod,Ibod(Philippines),12.8716,120.8031
ibode,Ibode(Nigeria),6.4166669999999995,3.1333330000000004
ibode,Ibode(Nigeria),7.5833330000000005,4.683333
ibode-osi,Ibode-Osi(Nigeria),7.75,4.233333
ibodeipa,Ibodeipa(Nigeria),7.6666669999999995,3.4666669999999997
ibodo,Ibodo(Nigeria),7.042999999999999,8.5312
ibodo,Ibodo(Nigeria),5.180911,7.16475
iboe,Iboe(Indonesia),1.466667,127.516667
iboear,Iboear(Indonesia),-2.733333,132.45
iboei,Iboei(Indonesia),-0.85,101.75
iboel,Iboel(Indonesia),-0.85,101.75
iboel,Iboel(Indonesia),-1.8666669999999999,105.45
iboerodjo,Iboerodjo(Indonesia),-8.2656,112.9371
ibogo,Ibogo(Burkina Faso),11.933333300000001,-0.9
ibogue,Ibogué(Côte d'Ivoire),6.548104,-6.844189999999999
iboguhe,Iboguhé(Côte d'Ivoire),6.548104,-6.844189999999999
ibogun,Ibogun(Nigeria),7.65256,5.328149
ibogun adina,Ibogun Adina(Nigeria),6.816667,3.1166669999999996
ibogun akiode,Ibogun Akiode(Nigeria),6.8,3.1166669999999996
ibogun sowunmi,Ibogun Sowunmi(Nigeria),6.816667,3.1
ibohamane,Ibohamane(Niger),14.8,5.9333333
ibohgbene,Ibohgbene(Nigeria),4.797728,5.617304
iboho ito,Iboho Ito(Nigeria),5.322044,8.0122
iboho-ito,Iboho-Ito(Nigeria),5.320853,7.997064999999999
iboholm,Iboholm(Sweden),58.9,15.483332999999998
iboi,Iboi(Papua New Guinea),-7.1833333,145.8833333
iboih,Iboih(Indonesia),5.876944,95.254722
iboih tunong,Iboih Tunong(Indonesia),5.3875,95.6137
iboishi,Iboishi(Japan),38.337568,141.02248500000002
iboitihuemba,Iboitihuemba(Bolivia (Plurinational State of)),-19.783333300000002,-63.4
iboju,Iboju(Nigeria),6.422848999999999,3.5294
ibok ndiya,Ibok Ndiya(Nigeria),5.1807669999999995,7.777382000000001
iboka,Iboka(Congo),-1.0727778000000001,16.104444400000002
iboke,Iboké(Côte d'Ivoire),4.639061,-7.452862
iboko,Iboko(Congo),-1.116667,18.566667000000002
iboko,Iboko(Congo),-1.0233333,16.2163889
iboko,Iboko(Nigeria),6.554228,8.585417999999999
iboko,Iboko(Nigeria),7.3333330000000005,7.116667
iboko,Iboko(Nigeria),6.4059,8.2396
iboko,Iboko(Zaire),-1.1166667,18.5666667
iboko offot,Iboko Offot(Nigeria),5.03038,7.920703
iboko-bolombi,Iboko-Bolombi(Congo),-1.116667,18.566667000000002
iboko-bolombi,Iboko-Bolombi(Zaire),-1.1166667,18.5666667
iboko-moke,Iboko-Moke(Congo),-1.1,18.566667000000002
iboko-moke,Iboko-Moke(Zaire),-1.1,18.5666667
iboko-monene,Iboko-Monene(Congo),-1.116667,18.566667000000002
iboko-monene,Iboko-Monene(Zaire),-1.1166667,18.5666667
ibokoto,Ibokoto(Benin),11.4666667,2.5
ibokourene,Ibokourene(Morocco),35.36468,-5.352777
iboku aro,Iboku Aro(Nigeria),6.85,3.483333
ibokun,Ibokun(Nigeria),7.783333,4.716667
ibokun-alege,Ibokun-Alege(Nigeria),6.84847,3.487332
ibokye,Ibokye(Nigeria),6.462397,6.68191
ibol,Ibol(Malaysia),1.1,111.516667
ibole,Ibole(Congo),0.7,23.8
ibole,Ibole(Zaire),0.7,23.8
ibolelo,Ibolelo(Zambia),-16.3,24.25
ibolelo,Ibolelo(Zambia),-13.233333300000002,30.266666700000002
ibolero,Ibolero(Tanzania),-4.7436111,31.086111100000004
iboli,Iboli(Nigeria),10.503467,5.525912
ibolian,Ibolian(Indonesia),0.5586,124.0248
ibolo,Ibolo(Congo),1.3516667,17.5030556
ibolo,Ibolo(Colombia),4.466667,-69.716667
ibologero,Ibologero(Tanzania),-3.2,33.7
ibolokwa,Ibolokwa(Namibia),-17.8166667,24.4166667
ibolyamajor,Ibolyamajor(Hungary),47.716667,19.1
ibom,Ibom(Nigeria),5.44417,7.756872
ibom,Ibom(Nigeria),5.380626,7.889873
iboma-kete,Iboma-Kete(Congo),3.166667,18.966667
iboma-kete,Iboma-Kete(Zaire),3.1666667,18.966666699999998
iboma-kota,Iboma-Kota(Congo),3.25,19.033333
iboma-kota,Iboma-Kota(Zaire),3.25,19.033333300000002
ibombo,Ibombo(Congo),-5.7,20.166667
ibombo,Ibombo(Zaire),-5.7,20.1666667
ibombo-itshimu,Ibombo-Itshimu(Congo),-5.6666669999999995,20.533333
ibombo-itshimu,Ibombo-Itshimu(Zaire),-5.6666667,20.533333300000002
ibomboue,Ibomboue(Burkina Faso),11.15,-0.9833333000000001
ibombwe,Ibombwe(Tanzania),-5.633333299999999,30.616666700000003
ibomi,Ibomi(Bolivia (Plurinational State of)),-19.65,-63.3333333
ibomo,Ibomo(Gabon),-0.1,11.45
ibon,Ibon(Nigeria),6.545505,3.7420430000000002
ibon,Ibon(Nigeria),5.102523000000001,7.787975
ibonai,Ibonai(Japan),39.7,140.716667
ibonboue,Ibonboué(Burkina Faso),11.15,-0.9833333000000001
ibonda,Ibonda(Nigeria),5.028312000000001,8.268283
ibonde,Ibonde(Uganda),0.6833333,30.2
ibondo,Ibondo(Tanzania),-2.6333333,32.6666667
ibondo,Ibondo(Zambia),-14.0333333,27.5333333
ibong,Ibong(Korea (Democratic People's Republic of)),39.75,124.7
ibong,Ibong(Nigeria),5.102523000000001,7.787975
ibong,Ibong(Nigeria),6.5653,9.133
ibong ikot akan,Ibong Ikot Akan(Nigeria),5.1862330000000005,7.676772
ibong ikpe mbiabet,Ibong Ikpe Mbiabet(Nigeria),5.104566999999999,7.774938000000001
ibong okpo-etor,Ibong Okpo-Etor(Nigeria),5.2701150000000005,7.590197
ibong uruk,Ibong Uruk(Nigeria),5.2556449999999995,7.592687
ibong-potot,Ibong-Potot(Philippines),13.7,123.066667
ibonga,Ibonga(Congo),-2.916667,27.966666999999998
ibonga,Ibonga(Congo),-0.0655556,16.0519444
ibonga,Ibonga(Equatorial Guinea),0.9333333,9.333333300000001
ibonga,Ibonga(Madagascar),-19.55,47.4333333
ibonga,Ibonga(Zaire),-2.9166667,27.9666667
ibongdong,Ibongdong(Korea (Democratic People's Republic of)),39.8716667,126.50305559999998
ibongni,Ibongni(Korea (Democratic People's Republic of)),38.7555556,126.10833329999998
ibongo,Ibongo(Congo),3.4666669999999997,18.683332999999998
ibongo,Ibongo(Congo),-0.5733333,16.012777800000002
ibongo,Ibongo(Zaire),3.4666667,18.6833333
ibongu,Ibongu(Zambia),-13.8,23.2333333
iboni,Iboni(Sudan),4.6666667,32.783333299999995
ibonia,Ibonia(Mexico),24.259444000000002,-106.78638899999999
ibonillas,Ibonillas(Mexico),24.464722000000002,-106.94666699999999
ibonima,Ibonima(Congo),0.3208333,15.7561111
ibonma,Ibonma(Indonesia),-3.4666669999999997,133.466667
ibono-usuk,Ibono-Usuk(Nigeria),5.381374,7.636228999999999
ibonohama,Ibonohama(Japan),26.216666999999998,127.78333300000001
ibonpo,Ibonpo(Korea),38.166667,127.233333
ibonwon,Ibonwon(Nigeria),6.671786,3.9962169999999997
ibonwon,Ibonwon(Nigeria),6.760972,4.022437
iboolokwa,Iboolokwa(Zambia),-14.883333300000002,22.6166667
ibooto,Ibooto(Somalia),2.8,44.033333299999995
ibopa,Ibopa(Nigeria),6.546079,3.519204
ibopaiti,Ibopaiti(Bolivia (Plurinational State of)),-20.0166667,-63.8333333
ibopeite,Ibopeite(Bolivia (Plurinational State of)),-20.0166667,-63.8333333
iboperenda,Iboperenda(Bolivia (Plurinational State of)),-20.5166667,-63.1333333
iboperenda,Iboperenda(Bolivia (Plurinational State of)),-19.0833333,-62.466666700000005
iboperenda,Iboperenda(Bolivia (Plurinational State of)),-21.0666667,-63.0666667
ibopi,Ibopi(Bolivia (Plurinational State of)),-19.95,-63.3166667
ibor,Ibor(Nigeria),6.816667,9.566667
ibore,Ibore(Nigeria),6.779607,6.293557
iborepi,Iborepi(Brazil),-6.8333330000000005,-38.983333
iborfia,Iborfia(Hungary),46.738938,16.74914
iboro,Iboro(Nigeria),7.1,3.1
iboro,Iboro(Nigeria),6.217171,5.371601
iboro akute,Iboro Akute(Nigeria),7.266667,3.233333
iborogero,Iborogero(Tanzania),-3.2,33.7
iborra,Iborra(Spain),41.771164,1.3954309999999999
ibort,Ibort(Spain),42.477937,-0.40597300000000003
ibos,Ibos(France),43.233334,0.0
ibosini,Ibosini(Congo),2.15,27.683333
ibosini,Ibosini(Zaire),2.15,27.683333299999997
ibosiriri,Ibosiriri(Bolivia (Plurinational State of)),-19.5666667,-62.5666667
ibot,Ibot(Nigeria),4.6863019999999995,7.721941999999999
ibot-usut,Ibot-Usut(Nigeria),4.442558,7.3622320000000006
iboti,Iboti(Brazil),-20.816667000000002,-49.633333
ibotim,Ibotim(Brazil),-16.283333,-52.116667
ibotio,Ibotio(Nigeria),4.612927,7.799592
ibotirama,Ibotirama(Brazil),-12.183333,-43.216667
iboto,Iboto(Colombia),4.466667,-69.716667
iboto,Iboto(Equatorial Guinea),1.2,9.383333300000002
ibotokpon,Ibotokpon(Nigeria),4.458583999999999,7.335210000000001
ibou,Ibou(Cameroon),12.05,15.025
ibou,Ibou(Papua New Guinea),-7.9833333,143.8666667
ibou abidatene,Ibou Abidatene(Morocco),34.873409,-3.472235
ibou'akilene,Ibou'akilene(Morocco),35.091451,-3.746609
ibouaidene,Ibouaïdene(Morocco),35.01345,-3.7652349999999997
ibouazirene,Ibouazirene(Morocco),35.193073999999996,-3.5718449999999997
ibouchalloutn,Ibouchalloutn(Morocco),30.808391999999998,-9.706127
ibouchaouine,Ibouchaouine(Morocco),29.415694000000002,-9.415975999999999
ibouchelloutn,Ibouchelloutn(Morocco),30.808391999999998,-9.706127
ibouchioun,Ibouchioun(Morocco),29.415694000000002,-9.415975999999999
iboudiahane,Iboudiahane(Morocco),35.141863,-3.0556349999999997
iboudiahene,Iboudiahene(Morocco),35.141863,-3.0556349999999997
iboudrarene,Iboudrarene(Morocco),29.372204999999997,-9.461917
iboudrarine,Iboudrarine(Morocco),29.578428000000002,-9.804256
iboughardain,Iboughardaïn(Morocco),35.084676,-3.082338
ibouharane,Ibouharane(Morocco),35.302665999999995,-5.210972
ibouharene,Ibouharene(Algeria),36.6666667,3.8833333
ibouhathman,Ibouhathman(Algeria),36.7666667,5.0333333
ibouhathmane,Ibouhathmane(Algeria),36.7666667,5.0333333
ibouhjarene,Iboûhjarene(Morocco),35.0618,-3.16811
iboujane el mellah,Iboujane el Mellah(Morocco),31.190553,-8.789727000000001
iboulbrhene,Iboulbrhene(Morocco),34.82835,-4.095482
ibouma,Ibouma(Congo),-0.8177778,16.1886111
iboumakoro,Iboumakoro(Benin),9.083333300000001,1.9
iboun,Iboun(Nigeria),7.617999999999999,8.1333
ibouna,Ibouna(Congo),-0.6486111,16.2188889
iboundiou,Iboundiou(Togo),9.816666699999999,0.55
iboundji,Iboundji(Gabon),0.8666666999999999,9.6
iboundji,Iboundji(Gabon),-1.45,11.95
ibounga,Ibounga(Congo),-1.1980556,15.513055599999998
ibounini,Ibounini(Burkina Faso),12.2833333,0.5166667
iboureni,Ibouréni(Burkina Faso),12.183333300000001,0.4333333
ibourhardain,Ibourhardaïn(Morocco),35.084676,-3.082338
ibourouden,Ibouroudèn(Morocco),31.444521,-6.972498
ibouroudene,Ibouroudene(Morocco),31.444521,-6.972498
ibouroudine,Ibouroudine(Morocco),31.444521,-6.972498
ibousatene,Ibousatene(Morocco),35.090184,-3.1370669999999996
ibouseritene,Ibouseritene(Morocco),35.0,-4.65
iboussalah,Iboussalah(Morocco),35.01119,-4.089649
iboutahrene,Iboutahrene(Morocco),34.58768,-3.4756139999999998
iboutane,Iboutane(Morocco),34.926002000000004,-4.87975
iboutarene,Iboutarene(Morocco),34.58768,-3.4756139999999998
iboutifene,Iboutifene(Morocco),35.166544,-4.0986910000000005
iboville,Iboville(Côte d'Ivoire),5.367522,-4.095578
ibowola,Ibowola(Tanzania),-7.8,35.1
ibowosiga,Ibowosiga(Indonesia),-3.766667,136.566667
iboy,Iboy(Niger),13.383333300000002,1.9
iboy,Iboy(Philippines),17.616667,120.38333300000001
iboy,Iboy(Chad),14.0,14.583333300000001
iboya,Iboya(Spain),43.598399,-5.892208999999999
iboye,Iboye(Niger),13.383333300000002,1.9
iboyo,Iboyo(Spain),43.210887,-6.634581
iboyto,Iboyto(Ethiopia),14.231218,39.601686
ibra,Ibra(Germany),50.816666999999995,9.483333
ibra,Ibra(Indonesia),-5.766667,132.76666699999998
ibra,Ibra(Nigeria),11.6287,11.1806
ibra,Ibra(Oman),22.6902778,58.5469444
ibra,Ibra(Russian Federation),56.030278,49.199721999999994
ibra,Ibra(Sudan),7.7166667,26.516666700000002
ibra fal,Ibra Fal(Senegal),14.7166667,-16.9166667
ibra fal,Ibra Fal(Senegal),14.433333300000001,-15.7
ibradi,Ibradi(Turkey),37.096944,31.599166999999998
ibragim gadzhyly,Ibragim Gadzhyly(Azerbaijan),40.895578,45.745998
ibragim kran,Ibragim Kran(Iran (Islamic Republic of)),38.383333,46.933333000000005
ibragim-gadzhaly,Ibragim-Gadzhaly(Azerbaijan),40.895578,45.745998
ibragim-gaput,Ibragim-Gaput(Azerbaijan),41.351389000000005,48.795833
ibragim-sami,Ibragim-Sami(Iran (Islamic Republic of)),38.9558,46.6683
ibragimata,Ibragimata(Uzbekistan),39.466666700000005,66.45
ibragimbeyli,Ibragimbeyli(Azerbaijan),40.428175,47.231909
ibragimgapyt,Ibragimgapyt(Azerbaijan),41.351389000000005,48.795833
ibragimkend,Ibragimkend(Azerbaijan),41.0211,47.227198
ibragimotar,Ibragimotar(Russian Federation),43.564908,46.468789
ibragimov,Ibragimov(Russian Federation),56.514444,88.405
ibragimova,Ibragimova(Russian Federation),52.441111,58.538056000000005
ibragimova,Ibragimova(Russian Federation),55.583332999999996,61.45
ibragimova,Ibragimova(Russian Federation),51.5089,57.4384
ibragimovka,Ibragimovka(Russian Federation),56.514444,88.405
ibragimovo,Ibragimovo(Russian Federation),52.441111,58.538056000000005
ibragimovo,Ibragimovo(Russian Federation),51.5089,57.4384
ibragimovskiy,Ibragimovskiy(Russian Federation),54.4733,56.1878
ibragimsara,Ibragimsara(Iran (Islamic Republic of)),37.261583,49.887049
ibrah,Ibrah(Sudan),7.7166667,26.516666700000002
ibrahamabad,Ibrahamabad(Iran (Islamic Republic of)),30.9129,61.4313
ibrahen,Ibrahèn(Morocco),31.200390000000002,-6.175224
ibrahene,Ibrahene(Morocco),31.200390000000002,-6.175224
ibrahim,Ibrahim(Afghanistan),34.040786,70.152709
ibrahim,Ibrahim(Afghanistan),33.390171,68.858063
ibrahim,Ibrahim(Congo),-0.783333,25.816667000000002
ibrahim,Ibrahim(Ethiopia),9.2575,41.885833
ibrahim,Ibrahim(Iraq),30.0575,48.4227778
ibrahim,Ibrahim(Iraq),31.7166667,44.5833333
ibrahim,Ibrahim(Iraq),35.4333333,45.3333333
ibrahim,Ibrahim(Iraq),33.6166667,44.7
ibrahim,Ibrahim(Nigeria),11.537638000000001,7.478063000000001
ibrahim,Ibrahim(Nigeria),7.066667,10.666667
ibrahim,Ibrahim(Pakistan),26.0737,66.3375
ibrahim,Ibrahim(Pakistan),28.218065000000003,68.628571
ibrahim,Ibrahim(Sudan),7.036111099999999,29.009444399999996
ibrahim,Ibrahim(Turkey),40.216976,34.811043
ibrahim,Ibrahim(Turkey),41.87787,34.062588
ibrahim,Ibrahim(Turkey),39.080553,42.201219
ibrahim,Ibrahim(Turkey),37.188056,41.815
ibrahim,Ibrahim(Zaire),-0.7833333,25.8166667
ibrahim `abd allah,Ibrahim `Abd Allah(Sudan),14.3,33.2
ibrahim `ali,Ibrahim `Ali(Iraq),33.3869444,44.2408333
ibrahim `awdul,Ibrahim `Awdul(Iraq),36.035277799999996,44.09861110000001
ibrahim abdullah,Ibrahim Abdullah(Sudan),14.3,33.2
ibrahim abro,Ibrahim Abro(Pakistan),26.366583000000002,68.372493
ibrahim afandi,Ibrahim Afandi(Iraq),33.65,44.8666667
ibrahim agha,Ibrahim Agha(Iraq),35.5730556,44.7652778
ibrahim ahmad,Ibrahim Ahmad(Iraq),33.55,44.2666667
ibrahim al `aziz,Ibrahim al `Aziz(Iraq),32.508888899999995,45.8475
ibrahim al futah,Ibrahim al Futah(Sudan),12.183333300000001,30.6666667
ibrahim al hadi,Ibrahim al Hadi(Iraq),33.694166700000004,44.40694439999999
ibrahim al hammadi,Ibrahim al Hammadi(Iraq),33.694166700000004,44.40694439999999
ibrahim al hasan,Ibrahim al Hasan(Iraq),33.4,44.1877778
ibrahim al jasim,Ibrahim al Jasim(Iraq),34.1502778,44.2916667
ibrahim al kabir,Ibrahim al Kabir(Iraq),34.9244444,44.8636111
ibrahim al khadhir,Ibrahim al Khadhir(Iraq),33.5730556,44.3197222
ibrahim al khadir,Ibrahim al Khadir(Iraq),33.5730556,44.3197222
ibrahim al khalil,Ibrahim al Khalil(Iraq),36.035,43.4355556
ibrahim al madhkur,Ibrahim al Madhkur(Iraq),33.5347222,44.612777799999996
ibrahim al muhammad,Ibrahim al Muhammad(Iraq),32.8116667,44.265
ibrahim an naqib,Ibrahim an Naqib(Iraq),33.2586111,44.4816667
ibrahim as saffar,Ibrahim as Saffar(Iraq),34.0316667,44.1066667
ibrahim as saghir,Ibrahim as Saghir(Iraq),34.9166667,44.85
ibrahim as salih,Ibrahim as Salih(Iraq),33.4405556,44.338333299999995
ibrahim as samawi,Ibrahim as Samawi(Iraq),32.346388899999994,44.4430556
ibrahim as sayir,Ibrahim as Sayir(Iraq),34.0327778,44.1422222
ibrahim ash shawi,Ibrahim ash Shawi(Iraq),32.346388899999994,44.4430556
ibrahim awdil,Ibrahim Awdil(Iraq),36.035277799999996,44.09861110000001
ibrahim bak,Ibrahim Bak(Iraq),33.1552778,44.35055560000001
ibrahim bakhsh,Ibrahim Bakhsh(Pakistan),25.397222,68.822222
ibrahim banda,Ibrahim Banda(Pakistan),32.962905,71.00285600000001
ibrahim bohio,Ibrahim Bohio(Pakistan),26.813606,68.084622
ibrahim brahui,Ibrahim Brahui(Pakistan),26.226956,68.545436
ibrahim cali meyrre,Ibrahim Cali Meyrre(Somalia),2.1,44.7
ibrahim chana,Ibrahim Chana(Pakistan),27.044444,67.747222
ibrahim chandio,Ibrahim Chandio(Pakistan),26.756814000000002,67.82771600000001
ibrahim channa,Ibrahim Channa(Pakistan),25.413991,68.34622
ibrahim do,Ibrahim Do(Bosnia and Herzegovina),43.0363889,18.0111111
ibrahim effendi,Ibrahim Effendi(Iraq),33.65,44.8666667
ibrahim el futa,Ibrahim el Futa(Sudan),12.183333300000001,30.6666667
ibrahim el-zaiyat,Ibrâhîm el-Zaiyât(Egypt),31.1725,30.3472222
ibrahim farhan,Ibrahim Farhan(Iraq),32.88444439999999,44.1713889
ibrahim ghulam,Ibrahim Ghulam(Iraq),35.131944399999995,44.9147222
ibrahim gul kelay,Ibrahim Gul Kelay(Afghanistan),33.275414000000005,69.799514
ibrahim gurban,Ibrahim Gurban(Somalia),2.3833333,42.7666667
ibrahim haafo,Ibrahim Haafo(Somalia),1.4333333000000001,43.95
ibrahim haidri,Ibrahim Haidri(Pakistan),24.7944,67.1415
ibrahim hakim,Ibrahim Hakim(Egypt),31.414166700000003,31.833611100000002
ibrahim hisar,Ibrahim Hisar(Iran (Islamic Republic of)),36.2698,45.7457
ibrahim husayn al kurhayni,Ibrahim Husayn al Kurhayni(Iraq),33.4961111,44.2616667
ibrahim jakhro,Ibrahim Jakhro(Pakistan),26.00465,68.58993000000001
ibrahim jalandhri,Ibrahim Jalandhri(Pakistan),25.399471,69.546829
ibrahim jarani,Ibrahim Jarani(Pakistan),24.396204,68.1977
ibrahim jat,Ibrahim Jat(Pakistan),24.009167,67.486111
ibrahim jawad,Ibrahim Jawad(Iraq),33.7425,45.101388899999996
ibrahim jee,Ibrahim Jee(Pakistan),27.909861,66.895748
ibrahim jo goth,Ibrahim jo Goth(Pakistan),27.342629,69.062648
ibrahim jo goth,Ibrahim jo Goth(Pakistan),26.541666999999997,67.602778
ibrahim junejo goth goth,Ibrahim Junejo Goth Goth(Pakistan),27.836731,68.518998
ibrahim ka tar,Ibrahim Ka Tar(Pakistan),25.233333,70.766667
ibrahim kadici,Ibrahim Kadici(Bosnia and Herzegovina),44.6463889,18.0305556
ibrahim kahl,Ibrahim Kahl(Pakistan),28.695565999999996,70.382357
ibrahim kala,Ibrahim Kala(Afghanistan),32.496721,68.213155
ibrahim kalai,Ibrahim Kalai(Pakistan),34.707891,72.583871
ibrahim kalhora,Ibrahim Kalhora(Pakistan),27.490754,68.108339
ibrahim kalhoro,Ibrahim Kalhoro(Pakistan),27.490754,68.108339
ibrahim kats,Ibrahim Kats(Pakistan),31.014848999999998,67.66163900000001
ibrahim khalifah baba kelay,Ibrahim Khalifah Baba Kelay(Afghanistan),31.402811,65.68833199999999
ibrahim khan,Ibrahim Khan(Afghanistan),35.05352,69.256539
ibrahim khan,Ibrahim Khan(Iraq),34.725,45.02638889999999
ibrahim khan,Ibrahim Khan(Pakistan),32.84,70.736111
ibrahim khan jamali,Ibrahim Khan Jamali(Pakistan),28.048209999999997,67.881538
ibrahim khan pathan,Ibrahim Khan Pathan(Pakistan),27.026660999999997,68.298022
ibrahim khanji,Ibrahim Khanji(Iraq),35.0166667,45.1
ibrahim khel,Ibrahim Khel(Afghanistan),35.996005,68.630245
ibrahim khel,Ibrahim Khel(Afghanistan),33.2175,68.358056
ibrahim khel,Ibrahim Khel(Afghanistan),34.722224,69.82486999999999
ibrahim khel,Ibrahim Khel(Afghanistan),35.029903000000004,69.724953
ibrahim khel,Ibrahim Khel(Afghanistan),33.977778,68.87055600000001
ibrahim khel,Ibrahim Khel(Afghanistan),34.186721999999996,70.103607
ibrahim khel,Ibrahim Khel(Afghanistan),36.709855,68.884322
ibrahim khel,Ibrahim Khel(Afghanistan),32.21532,67.200275
ibrahim khel,Ibrahim Khel(Afghanistan),32.09089,68.842355
ibrahim khel,Ibrahim Khel(Afghanistan),33.534451000000004,69.139198
ibrahim khel,Ibrahim Khel(Afghanistan),34.953889000000004,68.821111
ibrahim khel,Ibrahim Khel(Pakistan),33.583743,71.657475
ibrahim khel,Ibrahim Khel(Pakistan),31.249346999999997,69.64119000000001
ibrahim khel `ulya,Ibrahim Khel `Ulya(Afghanistan),32.45864,67.52602399999999
ibrahim khel sufla,Ibrahim Khel Sufla(Afghanistan),32.476513,67.543529
ibrahim khel wusta,Ibrahim Khel Wusta(Afghanistan),32.467082,67.53370600000001
ibrahim kili,Ibrahim Kili(Pakistan),30.828073,66.49006999999999
ibrahim kili,Ibrahim Kili(Pakistan),33.175186,70.89392
ibrahim korai jo goth,Ibrahim Korai Jo Goth(Pakistan),25.668933,69.146124
ibrahim krai,Ibrahim Krai(Iran (Islamic Republic of)),38.383333,46.933333000000005
ibrahim kumbar,Ibrahim Kumbar(Pakistan),25.352566,68.78344399999999
ibrahim lashari,Ibrahim Lashari(Pakistan),27.933582,69.474523
ibrahim mahtam,Ibrahim Mahtam(Pakistan),27.683601,69.287498
ibrahim memon,Ibrahim Memon(Pakistan),24.705875,68.347219
ibrahim mengwaro,Ibrahim Mengwaro(Pakistan),25.351635,68.509241
ibrahim mohana,Ibrahim Mohana(Pakistan),24.527222000000002,67.679722
ibrahim mursal,Ibrahim Mursal(Somalia),2.3333333,44.783333299999995
ibrahim nahia,Ibrahim Nahia(Pakistan),24.600851000000002,68.05863199999999
ibrahim nasib,Ibrahim Nasib(Iraq),34.2286111,45.2313889
ibrahim pacha,Ibrahim Pacha(Turkey),36.248536,36.638093
ibrahim panwhar,Ibrahim Panwhar(Pakistan),24.677778,67.748889
ibrahim paryo,Ibrahim Paryo(Pakistan),26.731012,68.17081800000001
ibrahim rind,Ibrahim Rind(Pakistan),27.765337,68.18593299999999
ibrahim saghir,Ibrahim Saghir(Iraq),34.9166667,44.85
ibrahim samin,Ibrahim Samin(Iraq),35.654166700000005,44.453888899999995
ibrahim shah,Ibrahim Shah(Pakistan),26.646646,68.951013
ibrahim shah pir,Ibrahim Shah Pir(Pakistan),27.904425,68.164658
ibrahim shard,Ibrahim Shard(Pakistan),28.113013,69.60674
ibrahim sipahi ja goth,Ibrahim Sipahi Ja Goth(Pakistan),26.2075,66.3161
ibrahim sipahi jo goth,Ibrahim Sipahi jo Goth(Pakistan),26.2075,66.3161
ibrahim wad `arabi,Ibrahim Wad `Arabi(Sudan),13.883333300000002,27.6
ibrahim wand,Ibrahim Wand(Pakistan),27.742044,68.39035200000001
ibrahim zana,Ibrahim Zana(Iraq),35.6833333,44.550277799999996
ibrahim zanah,Ibrahim Zanah(Iraq),35.6833333,44.550277799999996
ibrahim-i gawra,Ibrahim-i Gawra(Iraq),34.9244444,44.8636111
ibrahim-i karim,Ibrahim-i Karim(Iraq),35.3308333,45.765
ibrahima djindou,Ibrahima Djindou(Côte d'Ivoire),5.375091,-4.228935
ibrahima gueye,Ibrahima Guèye(Senegal),14.85,-16.35
ibrahima sal,Ibrahima Sal(Senegal),13.2166667,-15.566666699999999
ibrahimabad,Ibrahimabad(India),17.797778,78.185278
ibrahimabad,Ibrahimabad(Iran (Islamic Republic of)),30.9129,61.4313
ibrahimabad,Ibrahimabad(Iran (Islamic Republic of)),30.0232,52.5366
ibrahimabad,Ibrahimabad(Iran (Islamic Republic of)),35.3153,47.1637
ibrahimabad,Ibrahimabad(Iran (Islamic Republic of)),29.3147,55.7957
ibrahimabad,Ibrahimabad(Iran (Islamic Republic of)),36.0555,48.2413
ibrahimabad,Ibrahimabad(Iran (Islamic Republic of)),35.8211,49.8717
ibrahimabad,Ibrahimabad(Iran (Islamic Republic of)),33.436869,56.940128
ibrahimabad,Ibrahimabad(Iran (Islamic Republic of)),32.840489,59.588238
ibrahimabad,Ibrahimabad(Iran (Islamic Republic of)),36.294593,58.536353000000005
ibrahimabad,Ibrahimabad(Pakistan),29.337405,71.202577
ibrahimaga,Ibrahimaga(Turkey),37.066666999999995,40.133333
ibrahimaga ciftligi,Ibrahimaga Ciftligi(Turkey),39.766315999999996,35.911974
ibrahimagaciftligi koyu,Ibrahimagaciftligi Koyu(Turkey),39.766315999999996,35.911974
ibrahiman,Ibrahiman(Turkey),38.633333,40.416667
ibrahimawa,Ibrahimawa(Iraq),35.4333333,45.3333333
ibrahimazi,Ibrahimazi(Pakistan),30.663536999999998,66.676653
ibrahimbeyli,Ibrahimbeyli(Turkey),38.966667,33.7
ibrahimcavusun yaylasi,Ibrahimcavusun Yaylasi(Turkey),37.516667,33.566666999999995
ibrahimci,Ibrahimci(Turkey),41.141637,31.653859000000004
ibrahimderesi,Ibrahimderesi(Turkey),41.568999,32.531834
ibrahimdi,Ibrahimdi(Bangladesh),23.55,89.7666667
ibrahimhacili,Ibrahimhacili(Azerbaijan),40.883333,45.75
ibrahimhacili,Ibrahimhacili(Turkey),39.456138,34.951498
ibrahimhapit,Ibrahimhapit(Azerbaijan),41.351389000000005,48.795833
ibrahimi,Ibrahimi(Iran (Islamic Republic of)),32.2845,59.74
ibrahimi,Ibrahimi(Iran (Islamic Republic of)),34.285604,59.87243
ibrahimia,Ibrahimia(Egypt),31.2122222,29.9247222
ibrahimieh,Ibrahimieh(Egypt),31.2122222,29.9247222
ibrahimiya,Ibrahîmîya(Egypt),31.2122222,29.9247222
ibrahimiya,Ibrâhîmîya(Egypt),30.710833299999997,31.5402778
ibrahimiyah,Ibrahimiyah(Syrian Arab Republic),36.756666700000004,41.5516667
ibrahimiye,Ibrâhîmîyé(Syrian Arab Republic),36.756666700000004,41.5516667
ibrahimiye,Ibrahimiye(Turkey),37.278532,39.701091999999996
ibrahimiye,Ibrahimiye(Turkey),37.186972,40.541191999999995
ibrahimiyyah,Ibrahimiyyah(Egypt),30.710833299999997,31.5402778
ibrahimkand,Ibrahimkand(Azerbaijan),41.0211,47.227198
ibrahimkavagi,Ibrahimkavagi(Turkey),37.683333000000005,28.183333
ibrahimkomu,Ibrahimkomu(Turkey),39.467304,41.639006
ibrahimkoy,Ibrahimkoy(Turkey),40.216976,34.811043
ibrahimkoy,Ibrahimkoy(Turkey),41.87787,34.062588
ibrahimkoyu,Ibrahimkoyu(Turkey),40.216976,34.811043
ibrahimler,Ibrahimler(Turkey),39.75,27.383333
ibrahimli,Ibrahimli(Turkey),36.433333000000005,32.3
ibrahimli,Ibrahimli(Turkey),36.690538000000004,33.636877
ibrahimli,Ibrahimli(Turkey),41.294358,34.069841
ibrahimli,Ibrahimli(Turkey),37.084509999999995,37.323329
ibrahimo,Ibrahimo(Pakistan),33.604428000000006,71.008337
ibrahimoglu,Ibrahimoglu(Turkey),39.011416,27.260731
ibrahimov dolac,Ibrahimov Dolac(Bosnia and Herzegovina),43.834444399999995,17.4513889
ibrahimovici,Ibrahimovici(Bosnia and Herzegovina),44.648055600000006,18.049166699999997
ibrahimozu,Ibrahimozu(Turkey),40.409721999999995,30.680833000000003
ibrahimpasa,Ibrahimpasa(Turkey),36.248536,36.638093
ibrahimpasa,Ibrahimpasa(Turkey),38.6,34.85
ibrahimpatan,Ibrahimpatan(India),17.198056,78.651944
ibrahimpur,Ibrahimpur(Bangladesh),23.832777800000002,90.9805556
ibrahimpur,Ibrahimpur(Bangladesh),23.1666667,90.6
ibrahimpur,Ibrahimpur(India),17.688333,78.87138900000001
ibrahimpur,Ibrahimpur(India),30.1716,76.5537
ibrahimpur,Ibrahimpur(India),27.1435,79.9019
ibrahimpura,Ibrahimpura(India),30.5964,76.8013
ibrahimsah,Ibrahimsah(Turkey),40.455563,37.395214
ibrahimsami,Ibrahimsami(Iran (Islamic Republic of)),38.9558,46.6683
ibrahimsara,Ibrahimsara(Iran (Islamic Republic of)),37.261583,49.887049
ibrahimsehir,Ibrahimsehir(Turkey),37.068009,37.634822
ibrahimseyh,Ibrahimseyh(Turkey),40.933333000000005,38.766667
ibrahimseyh,Ibrahimseyh(Turkey),40.455563,37.395214
ibrahimusagi,Ibrahimusagi(Turkey),38.711087,33.968647
ibrahimwal,Ibrahimwal(Afghanistan),32.000556,68.613411
ibrahimwala,Ibrahimwala(Pakistan),29.764549,71.59859200000001
ibrahimzai,Ibrahimzai(Afghanistan),30.192134000000003,66.10274799999999
ibrahimzai,Ibrahimzai(Afghanistan),34.208611,68.276944
ibrahimzai,Ibrahimzai(Pakistan),33.738214,70.30139
ibrahimzai,Ibrahimzai(Pakistan),30.663536999999998,66.676653
ibrahimzai,Ibrahimzai(Pakistan),33.5538,71.15039
ibrahimzai ghundi kili,Ibrahimzai Ghundi Kili(Pakistan),30.745,67.03666700000001
ibrahimzi,Ibrahimzi(Afghanistan),30.192134000000003,66.10274799999999
ibrahy,Ibrahy(Brazil),-16.858889,-44.910556
ibrail,Ibrail(Romania),45.266667,27.983333000000002
ibraim,Ibraim(Greece),37.45,22.15
ibraim,Ibraim(Mozambique),-24.4961111,33.7116667
ibraim-ata,Ibraim-Ata(Uzbekistan),39.466666700000005,66.45
ibraimbay,IbraimBay(Ukraine),45.067011,33.756108000000005
ibraimbei,Ibraimbei(Greece),37.966666700000005,22.7666667
ibraimkonrat,IbraimKonrat(Ukraine),45.616667,33.583333
ibraimo,Ibraímo(Mozambique),-12.408611099999998,40.09305560000001
ibraimo,Ibraímo(Mozambique),-14.938055599999998,40.529444399999996
ibraimo,Ibraimo(Mozambique),-12.144722199999999,37.7597222
ibraimovo,Ibraimovo(North Macedonia),41.938888899999995,21.615
ibrak,Ibrak(Indonesia),-7.7814,113.3551
ibrak hamam,Ibrak Hamam(Egypt),30.8258333,30.665
ibrakayevo,Ibrakayevo(Russian Federation),53.4721,55.355281999999995
ibrakhikhimkheyl',Ibrakhikhimkheyl'(Afghanistan),33.977778,68.87055600000001
ibrakhim,Ibrakhim(Afghanistan),33.390171,68.858063
ibrakhim,Ibrakhim(Ethiopia),9.2575,41.885833
ibrakhim,Ibrakhim(Sudan),5.02,29.5277778
ibrakhim-khalifa,Ibrakhim-Khalifa(Afghanistan),31.402811,65.68833199999999
ibrakhimabad,Ibrakhimabad(Iran (Islamic Republic of)),36.8425,48.7375
ibrakhimie,Ibrakhimie(Turkey),37.186972,40.541191999999995
ibrakhimkala,Ibrakhimkala(Afghanistan),32.496721,68.213155
ibrakhimkhan,Ibrakhimkhan(Afghanistan),35.05352,69.256539
ibrakhimkheil',Ibrakhimkheil'(Afghanistan),35.996005,68.630245
ibrakhimkheyl',Ibrakhimkheyl'(Afghanistan),36.006807,68.609018
ibrakhimkheyl',Ibrakhimkheyl'(Afghanistan),33.2175,68.358056
ibrakhimkheyl',Ibrakhimkheyl'(Afghanistan),34.722224,69.82486999999999
ibrakhimkheyl',Ibrakhimkheyl'(Afghanistan),35.029903000000004,69.724953
ibrakhimkheyl',Ibrakhimkheyl'(Afghanistan),34.186721999999996,70.103607
ibrakhimkheyl',Ibrakhimkheyl'(Afghanistan),36.709855,68.884322
ibrakhimkheyl',Ibrakhimkheyl'(Afghanistan),32.21532,67.200275
ibrakhimkheyl',Ibrakhimkheyl'(Afghanistan),32.09089,68.842355
ibrakhimkheyl',Ibrakhimkheyl'(Afghanistan),33.534451000000004,69.139198
ibrakhimkheyl',Ibrakhimkheyl'(Afghanistan),34.953889000000004,68.821111
ibrakhimkheyl' vusta,Ibrakhimkheyl' Vusta(Afghanistan),32.467082,67.53370600000001
ibrakhimkheyl'-sufla,Ibrakhimkheyl'-Sufla(Afghanistan),32.476513,67.543529
ibrakhimkheyl'-ulia,Ibrakhimkheyl'-Ulia(Afghanistan),32.45864,67.52602399999999
ibrakhimler,Ibrakhimler(Bulgaria),41.7,25.1666667
ibrakhimliy,Ibrakhimliy(Bulgaria),42.3,26.2166667
ibrakhimzai,Ibrakhimzai(Afghanistan),34.208611,68.276944
ibrala,Ibrala(Turkey),37.156683,33.51447
ibralici,Ibralici(Bosnia and Herzegovina),44.4566667,18.7994444
ibramowice,Ibramowice(Poland),50.253207,20.275988
ibrampur,Ibrampur(India),15.7,73.93333299999999
ibran,Ibran(Philippines),5.4,125.46666699999999
ibrane,Ibrane(Morocco),30.920328,-9.546853
ibrane,Ibrane(Morocco),34.774136,-4.992963
ibranene,Ibranene(Morocco),35.03033,-4.38111
ibrani,Ibrani(Liberia),6.9269444,-8.8697222
ibranim,Ibranim(Pakistan),26.0737,66.3375
ibranimovici,Ibranimovici(Bosnia and Herzegovina),44.648055600000006,18.049166699999997
ibrany,Ibrány(Hungary),48.133333,21.716667
ibrash,Ibrash(Egypt),30.414166700000003,31.39
ibrasheli,IbrashEli(Ukraine),45.383333,33.133333
ibrassimga,Ibrassimga(Benin),9.233333300000002,2.6
ibrat al kabira,Ibrat al Kabira(Iraq),36.3902778,42.2733333
ibrat al kabirah,Ibrat al Kabirah(Iraq),36.3902778,42.2733333
ibrat as saghira,Ibrat as Saghira(Iraq),36.3875,42.3311111
ibrat as saghirah,Ibrat as Saghirah(Iraq),36.3875,42.3311111
ibray,Ibray(Kazakhstan),51.133333,78.65
ibrayaly,Ibrayaly(Russian Federation),55.92100000000001,47.6757
ibrayankulam,Ibrayankulam(Sri Lanka),7.65,81.6
ibraydhil,Ibraydhil(Iraq),32.283333299999995,44.7
ibrayeva,Ibrayeva(Russian Federation),52.256273,52.256273
ibrayevo,Ibrayevo(Russian Federation),52.256273,52.256273
ibrayevo-kargali,Ibrayevo-Kargali(Russian Federation),54.805503,51.488802
ibrayevskiy,Ibrayevskiy(Kazakhstan),49.933333000000005,79.533333
ibraykino,Ibraykino(Russian Federation),53.6436,54.3246
ibraysola,Ibraysola(Russian Federation),56.9343,48.8242
ibred,Ibred(Russian Federation),54.2747,40.8675
ibreda,Ibreda(Nigeria),7.4773,6.9607
ibrede,Ibrede(Nigeria),5.558501000000001,6.390858000000001
ibredeni,Ibredeni(Nigeria),5.399666000000001,6.342876
ibredskiy,Ibredskiy(Russian Federation),53.8597,40.2362
ibredu,Ibredu(Nigeria),7.4773,6.9607
ibresi,Ibresi(Russian Federation),55.3011,47.038000000000004
ibri,Ibri(Ethiopia),8.2,37.7
ibri,Ibri(Chad),10.683333300000001,19.35
ibri,Ibri(Turkey),36.065261,32.726634000000004
ibrianu,Ibrianu(Romania),45.25,27.366667
ibrianul,Ibrianul(Romania),44.766667,25.833333
ibribey,Ibribey(Turkey),40.965278000000005,27.1092
ibricak,Ibricak(Turkey),40.791918,32.116698
ibricak,Ibricak(Turkey),41.214308,32.290473999999996
ibrice,Ibrice(Turkey),40.966586,26.874146999999997
ibricek,Ibricek(Turkey),40.791918,32.116698
ibricevina,Ibricevina(Montenegro),42.441389,19.280278
ibrichevo,Ibrichevo(Bulgaria),43.216666700000005,25.5166667
ibrici,Ibrici(Bosnia and Herzegovina),44.7322222,18.4011111
ibrici,Ibrici(Serbia),44.294167,19.375
ibrieanu,Ibrieanu(Romania),44.766667,25.833333
ibrig,Ibrig(Sudan),16.8305556,33.6613889
ibrik,Ibrik(Turkey),37.104653000000006,39.147822999999995
ibrikbaba,Ibrikbaba(Turkey),40.595833,26.535
ibrikhamlii,Ibrikhamlii(Bulgaria),42.3,26.2166667
ibrikli,Ibrikli(Turkey),41.336294,41.72413
ibriktepe,Ibriktepe(Turkey),41.010366,26.503428000000003
ibrillos,Ibrillos(Spain),42.454306,-3.082376
ibrim,Ibrim(Egypt),22.65,32.0166667
ibrim,Ibrim(Turkey),41.683333000000005,34.2
ibrin,Ibrin(Chad),10.683333300000001,19.35
ibrisim,Ibrisim(Turkey),39.173052,33.818749
ibrisim,Ibrisim(Turkey),37.525278,35.333333
ibriso,Ibriso(Ghana),5.616666700000001,-0.9
ibrogim-gadzhyly,Ibrogim-Gadzhyly(Azerbaijan),40.883333,45.75
ibrokiri,Ibrokiri(Nigeria),4.372669,6.860461999999999
ibros,Ibros(Spain),38.021057,-3.5031269999999997
ibroudane,Ibroudane(Morocco),35.382837,-5.1481129999999995
ibroudene,Ibroudene(Morocco),35.382837,-5.1481129999999995
ibroum,Ibroum(Chad),13.35,15.0
ibru,Ibru(Romania),45.983333,23.383333
ibrulskiy,Ibrulskiy(Russian Federation),56.2121,91.8113
ibrya,Ibrya(Russian Federation),56.030278,49.199721999999994
ibryayevo,Ibryayevo(Russian Federation),53.940754000000005,56.009527
ibryayevo,Ibryayevo(Russian Federation),53.016667000000005,53.833332999999996
ibryayevo-kargali,Ibryayevo-Kargali(Russian Federation),54.805503,51.488802
ibryaykino,Ibryaykino(Russian Federation),54.3161,50.805
ibryul,Ibryul(Russian Federation),56.2121,91.8113
ibryulka,Ibryulka(Russian Federation),56.2121,91.8113
ibryulskaya,Ibryulskaya(Russian Federation),56.2121,91.8113
ibsar,Ibsar(Jordan),32.549832,35.725983
ibshada bahari,Ibshada Bahari(Egypt),27.843055600000003,30.740277799999998
ibshadah bahri,Ibshadah Bahri(Egypt),27.843055600000003,30.740277799999998
ibshadat,Ibshadat(Egypt),27.843055600000003,30.740277799999998
ibshadi,Ibshadi(Egypt),30.624444399999994,30.837777799999998
ibshan,Ibshân(Egypt),31.168611100000003,31.1627778
ibshanna',Ibshanna'(Egypt),29.1472222,31.0472222
ibshaq al ghazal,Ibshaq al Ghazal(Egypt),28.483333299999998,30.75
ibshaq el ghazal,Ibshâq el Ghazâl(Egypt),28.483333299999998,30.75
ibshawai,Ibshawai(Egypt),29.358888899999997,30.6783333
ibshawai el-malaq,Ibshawâi el-Malaq(Egypt),30.943055600000005,31.021111100000002
ibshaway,Ibshaway(Egypt),29.358888899999997,30.6783333
ibsikaya,Ibsikaya(Turkey),37.633333,32.35
ibsingen,Ibsingen(Germany),52.583332999999996,9.666667
ibskaya,Ibskaya(Russian Federation),63.747935999999996,47.533284
ibsker,Ibsker(Denmark),55.11666700000001,15.116667000000001
ibsker kirke,Ibsker Kirke(Denmark),55.11666700000001,15.116667000000001
ibskirke,Ibskirke(Denmark),55.11666700000001,15.116667000000001
ibsley,Ibsley(United Kingdom of Great Britain and Northern Ireland),50.883333,-1.7833330000000003
ibsted,Ibsted(Denmark),56.654548999999996,8.598689
ibstock,Ibstock(United Kingdom of Great Britain and Northern Ireland),52.666667000000004,-1.4
ibstone,Ibstone(United Kingdom of Great Britain and Northern Ireland),51.616667,-0.9
ibta`,Ibta`(Syrian Arab Republic),32.783333299999995,36.15
ibtaa,Ibtaa(Syrian Arab Republic),32.783333299999995,36.15
ibtan,Ibtan(Israel),32.365716,35.046765
ibthan,Ibthan(Israel),32.365716,35.046765
ibthorpe,Ibthorpe(United Kingdom of Great Britain and Northern Ireland),51.266667,-1.45
ibtin,Ibtin(Israel),32.761666999999996,35.100833
ibtsokhi,Ibtsokhi(Georgia),42.4011111,45.7394444
ibtu,Ibtu(Egypt),31.185277799999998,30.736111100000002
ibu,Ibu(Congo),2.8833330000000004,30.0
ibu,Ibu(Indonesia),1.466667,127.516667
ibu,Ibu(Japan),26.762039,128.316431
ibu,Ibu(Nigeria),6.488849,4.522771
ibu,Ibu(Papua New Guinea),-5.95,155.1
ibu,Ibu(Zaire),2.8833333,30.0
ibu aisset,Ibu Aïsset(Morocco),34.677462,-3.525095
ibu kirio,Ibu Kirio(Pakistan),26.109034,68.425988
ibu lawe,Ibu Lawe(Nigeria),7.0833330000000005,3.5333330000000003
ibua,Ibua(Congo),-3.645,29.075833000000003
ibua,Ibua(Zaire),-3.645,29.0758333
ibuaco,Ibuaço(Brazil),-4.75,-39.8
ibuacu,Ibuaçu(Brazil),-4.75,-39.8
ibuaiden,Ibuaiden(Morocco),35.01345,-3.7652349999999997
ibuar,Ibuar(Indonesia),-2.733333,132.433333
ibuaziren,Ibuaziren(Morocco),35.193073999999996,-3.5718449999999997
ibubue,Ibubue(Papua New Guinea),-4.6833333,145.18333330000002
ibudae,Ibudae(Korea (Democratic People's Republic of)),38.625555600000006,127.29333329999999
ibudiahan,Ibudiahan(Morocco),35.141863,-3.0556349999999997
ibudo are,Ibudo Are(Nigeria),8.666667,4.05
ibudo ijesha,Ibudo Ijesha(Nigeria),8.416667,4.366667
ibudokubokiri,Ibudokubokiri(Nigeria),4.695882,6.89508
ibuga,Ibuga(Tanzania),-1.6477778000000003,31.5883333
ibughubu,Ibughubu(Nigeria),5.942112,7.148789
ibugo,Ibugo(Tanzania),-2.6661111,30.469444399999997
ibuguacu,Ibuguaçu(Brazil),-3.3666669999999996,-41.266667
ibuhu,Ibuhu(Papua New Guinea),-4.55,141.0333333
ibui,Ibui(Korea),36.344,127.3552
ibuira,Ibuira(Brazil),-14.166667000000002,-40.25
ibuiti,Ibuiti(Congo),-4.933333,19.183332999999998
ibuiti,Ibuiti(Zaire),-4.9333333,19.1833333
ibujan,Ibujan(Philippines),16.833788000000002,122.062987
ibuje,Ibuje(Uganda),1.8891667,32.3808333
ibuji,Ibuji(Nigeria),7.4556130000000005,5.067012999999999
ibuk,Ibuk(Korea),36.1,126.78333300000001
ibuka,Ibuka(Papua New Guinea),-6.5333333,143.2166667
ibuki,Ibuki(Japan),34.116667,133.533333
ibuki,Ibuki(Japan),35.4,136.383333
ibukijima,Ibukijima(Japan),34.116667,133.533333
ibukiyama,Ibukiyama(Japan),35.4,136.383333
ibukwe,Ibukwe(Zambia),-15.1,22.966666699999998
ibul,Ibul(Indonesia),-0.85,101.75
ibul,Ibul(Indonesia),-1.8666669999999999,105.45
ibul,Ibul(Malaysia),4.7669,115.7088
ibula,Ibula(Nigeria),7.318041,5.111054
ibulai,Ibulai(Papua New Guinea),-10.233333300000002,150.83333330000002
ibulanku,Ibulanku(Uganda),0.5933333000000001,33.6
ibulao,Ibulao(Philippines),16.785366,121.117741
ibuldalam,Ibuldalam(Indonesia),-3.75,104.4
ibule,Ibule(Nigeria),7.318041,5.111054
ibulo,Ibulo(Philippines),17.959591,121.77065
ibulu,Ibulu(Congo),-3.2,18.016667
ibulu,Ibulu(Philippines),17.959591,121.77065
ibulu,Ibulu(Zaire),-3.2,18.0166667
ibuluya,Ibuluya(Nigeria),4.742154,7.098077
ibulwa,Ibulwa(Tanzania),-5.2166667,32.65
ibum,Ibum(Ghana),5.4333333,-1.0166667
ibum,Ibum(Nigeria),5.6335,8.4887
ibumba,Ibumba(Congo),-2.183333,27.633333
ibumba,Ibumba(Zaire),-2.1833332999999997,27.633333299999997
ibumila,Ibumila(Tanzania),-5.9,36.45
ibumu,Ibumu(Tanzania),-7.383333299999999,36.0833333
ibun,Ibun(Indonesia),-7.0982,107.7637
ibuna,Ibuna(Philippines),15.289000000000001,121.376
ibundji,Ibundji(Congo),-0.7,18.1
ibundji,Ibundji(Zaire),-0.7,18.1
ibung,Ibung(Philippines),16.609376,121.18614
ibung,Ibung(Uganda),1.9,32.8333333
ibungdong,Ibungdong(Korea (Democratic People's Republic of)),38.834444399999995,126.23583329999998
ibungu,Ibungu(Tanzania),-8.6,33.15
ibuno,Ibuno(Nigeria),4.568681,7.978594
ibuntshi-kakese,Ibuntshi-Kakese(Congo),-4.6666669999999995,21.466667
ibuntshi-kakese,Ibuntshi-Kakese(Zaire),-4.6666667,21.466666699999998
ibunyak,Ibunyak(Sudan),4.2208333,33.04361110000001
ibuot ikot,Ibuot Ikot(Nigeria),4.6217,8.3379
ibuot utan,Ibuot Utan(Nigeria),4.629911,8.332517999999999
ibur,Ibur(Indonesia),-0.034737,100.172801
ibur,Ibur(Pakistan),33.630609,73.458638
ibura,Ibura(Brazil),-7.216667,-37.75
iburadja,Iburadja(Indonesia),-8.2656,112.9371
iburaja,Iburaja(Indonesia),-8.2656,112.9371
iburi,Iburi(Japan),32.8,132.966667
iburibashi,Iburibashi(Japan),36.316666999999995,136.383333
iburihashi,Iburihashi(Japan),36.316666999999995,136.383333
iburiyuku,Iburiyuku(Russian Federation),56.2121,91.8113
iburiyuri,Iburiyuri(Russian Federation),56.2121,91.8113
iburojo,Iburojo(Indonesia),-8.2656,112.9371
iburu,Iburu(Malaysia),4.669793,115.740199
iburu,Iburu(Nigeria),10.268575,7.788964
iburu,Iburu(Nigeria),10.158274,6.86142
iburu,Iburu(Papua New Guinea),-3.9333332999999997,141.1
ibusa,Ibusa(Nigeria),5.779649,6.5484089999999995
ibusa,Ibusa(Papua New Guinea),-6.45,145.6166667
ibusalah,Ibusalah(Morocco),35.01119,-4.089649
ibusaten,Ibusaten(Morocco),35.090184,-3.1370669999999996
ibuseriten,Ibuseriten(Morocco),35.0,-4.65
ibusogboro,Ibusogboro(Nigeria),7.1666669999999995,3.8833330000000004
ibuswa,Ibuswa(Tanzania),-3.1666667,32.5833333
ibutany,Ibutany(Lithuania),55.5166667,23.966666699999998
ibutifen,Ibutifen(Morocco),35.166544,-4.0986910000000005
ibutinga,Ibutinga(Brazil),-26.922936,-49.905742
ibutoniai,Ibutoniai(Lithuania),55.5166667,23.966666699999998
ibuwo,Ibuwo(Nigeria),5.781446,5.704962
ibwaga,Ibwaga(Tanzania),-6.2333333,36.466666700000005
ibwan az zabadi,Ibwan az Zabadi(Egypt),28.4,30.733333299999998
ibwan el zabadi,Ibwân el Zabâdi(Egypt),28.4,30.733333299999998
ibwananio,Ibwananio(Papua New Guinea),-9.633333300000002,150.45
ibwe munyama,Ibwe Munyama(Zambia),-16.1666667,28.5333333
ibwera,Ibwera(Tanzania),-1.4825,31.634722200000002
ibwit,Ibwit(Egypt),29.318611100000002,31.121111100000004
ibwit al qadimah,Ibwit al Qadimah(Egypt),29.3333333,31.133333299999997
ibwit el qadima,Ibwît el Qadîma(Egypt),29.3333333,31.133333299999997
ibworth,Ibworth(United Kingdom of Great Britain and Northern Ireland),51.283333,-1.183333
iby,Iby(Russian Federation),62.265809999999995,50.493596999999994
ibya al hamra',Ibya al Hamra'(Egypt),30.8466667,30.544444399999996
ibya el-hamra',Ibya el-Hamra'(Egypt),30.8466667,30.544444399999996
ibyana,Ibyâna(Egypt),31.311111100000005,30.5247222
ibyanah,Ibyanah(Egypt),31.311111100000005,30.5247222
ibyangdong,Ibyangdong(Korea (Democratic People's Republic of)),38.4758333,126.22805559999999
ibyanke,Ibyanke(Nigeria),7.2476,8.6889
ibyar,Ibyar(Egypt),30.838611100000005,30.865
ibyche,Ibyche(Russian Federation),49.029421,140.249375
ibycuy,Ibycuy(Paraguay),-26.016667,-57.05
ibyondong,Ibyondong(Korea (Democratic People's Republic of)),38.0833333,125.31666670000001
ibyul,Ibyul(Korea),36.8548,127.1309
