ih,Ih(China),44.716667,121.08333300000001
ih hairhan,Ih Hairhan(China),42.755,115.58916699999999
ih hairhan sum,Ih Hairhan Sum(China),42.755,115.58916699999999
ih hurgalj,Ih Hurgalj(China),49.0,117.0
ih nur,Ih Nur(China),42.618333,115.150278
ih suj,Ih Suj(China),41.476944,111.08666699999999
ih sum,Ih Sum(China),42.533333,111.96666699999999
ih tal,Ih Tal(China),43.121111,122.2375
ih us,Ih Us(China),40.066666999999995,107.83333300000001
ih-hujirtayn-huree,Ih-Hujirtayn-Hüree(Mongolia),48.6833333,100.16666670000001
ih-jisa hiyd,Ih-Jisa Hiyd(Mongolia),45.6833333,106.91666670000001
ih-uul,Ih-Uul(Mongolia),48.55,98.66666670000001
ih-uul,Ih-Uul(Mongolia),49.4333333,101.4666667
iha,Iha(Indonesia),-3.390994,127.98089399999999
iha,Iha(Japan),26.156111,127.71972199999999
iha,Iha(Korea (Democratic People's Republic of)),37.8666667,125.58333329999999
ihaba,Ihaba(Nigeria),5.033317,6.676494
ihabbabn,Ihabbabn(Morocco),30.64783,-8.296548
ihacanguazu,Ihacanguazú(Paraguay),-25.95,-56.483332999999995
ihad jamen,Ihad Jamèn(Morocco),31.971045,-7.0021830000000005
ihad jamene,Ihad Jamene(Morocco),31.971045,-7.0021830000000005
ihaddadem,Ihaddadem(Algeria),36.7333333,5.05
ihaddadene,Ihaddadene(Algeria),36.7333333,5.05
ihaddounene,Ihaddounene(Morocco),35.450804,-5.158494999999999
ihadjaman,Ihadjaman(Morocco),31.971045,-7.0021830000000005
ihadjamene,Ihadjamene(Morocco),31.327264000000003,-6.505235
ihadong,Ihadong(Korea (Democratic People's Republic of)),37.8166667,125.53333329999998
ihadouane,Ihadouane(Morocco),31.479362,-5.485961
ihadouchen,Ihadouchen(Morocco),34.58,-3.83
ihafadray,Ihafadray(Madagascar),-21.716666699999998,47.216666700000005
ihagaha,Ihagaha(Japan),31.566667,130.98333300000002
ihagama,Ihagama(Sri Lanka),7.366666700000001,80.5666667
ihaggarene,Ihaggarene(Algeria),36.8333333,4.8
ihaha,Ihaha(Namibia),-17.8,24.8666667
ihaid,Ihaid(United Arab Emirates),25.288123000000002,55.881570999999994
ihaigba,Ihaigba(Nigeria),5.404861,6.967558
ihaija,Ihaija(Nigeria),6.5833330000000005,8.45
ihaionnene,Ihaïonnene(Algeria),36.65,4.95
ihaiounene,Ihaïounene(Algeria),36.65,4.95
ihaipanai,Ihaipanai(Indonesia),2.9544,99.5402
ihajaj,Ihajaj(Morocco),33.976669,-4.307996
ihajamene,Ihajamene(Morocco),31.327264000000003,-6.505235
ihaka,Ihaka(Madagascar),-22.6166667,46.8833333
ihaka,Ihaka(Nigeria),6.915063000000001,7.419974000000001
ihakaha,Ihakaha(Japan),31.566667,130.98333300000002
ihakolagama,Ihakolagama(Sri Lanka),7.7666667,80.15
ihaksela,Ihaksela(Finland),60.783333,27.783333000000002
ihala,Ihala(Finland),61.35,28.666666999999997
ihala,Ihala(Finland),61.533333,28.933333
ihala,Ihala(Finland),60.466667,22.183332999999998
ihala,Ihala(Nigeria),5.8565629999999995,6.7968850000000005
ihala agarauda,Ihala Agarauda(Sri Lanka),7.8,80.05
ihala alauwagama,Ihala Alauwagama(Sri Lanka),7.866666700000001,80.35
ihala alawatta,Ihala Alawatta(Sri Lanka),7.883333299999999,80.4333333
ihala alawwagama,Ihala Alawwagama(Sri Lanka),7.866666700000001,80.35
ihala alutwewa,Ihala Alutwewa(Sri Lanka),7.866666700000001,80.2833333
ihala amanakkattuwa,Ihala Amanakkattuwa(Sri Lanka),8.15,80.5
ihala ambale,Ihala Ambale(Sri Lanka),7.8,80.0666667
ihala amunukole,Ihala Amunukole(Sri Lanka),8.0333333,80.2833333
ihala anduketiyawa,Ihala Anduketiyawa(Sri Lanka),8.3833333,80.3666667
ihala angunachchiya,Ihala Angunachchiya(Sri Lanka),8.55,80.7666667
ihala aralugahawewa,Ihala Aralugahawewa(Sri Lanka),7.6666667,80.1166667
ihala aturaliya,Ihala Aturaliya(Sri Lanka),6.0833333,80.5
ihala bakmeewewa,Ihala Bakmeewewa(Sri Lanka),7.893055599999999,80.1788889
ihala bakmigahaulpota,Ihala Bakmigahaulpota(Sri Lanka),7.9333333,80.6333333
ihala bakmiwewa,Ihala Bakmiwewa(Sri Lanka),7.893055599999999,80.1788889
ihala baladora,Ihala Baladora(Sri Lanka),7.65,80.15
ihala balagahaya,Ihala Balagahaya(Sri Lanka),7.65,80.2
ihala batawalagama,Ihala Batawalagama(Sri Lanka),7.65,80.08333329999999
ihala beligalla,Ihala Beligalla(Sri Lanka),6.0947222000000005,80.7411111
ihala bujjamuwa,Ihala Bujjamuwa(Sri Lanka),7.2833333,80.2
ihala bulnewa,Ihala Bulnewa(Sri Lanka),8.0333333,80.41666670000001
ihala dampelessa,Ihala Dampelessa(Sri Lanka),7.883333299999999,80.5
ihala dayigala,Ihala Dayigala(Sri Lanka),7.0166667,80.2333333
ihala dikwewa,Ihala Dikwewa(Sri Lanka),8.25,80.7
ihala dilla,Ihala Dilla(Sri Lanka),7.5833333,80.2166667
ihala diulwewa,Ihala Diulwewa(Sri Lanka),8.633333300000002,80.8166667
ihala diwulwewa,Ihala Diwulwewa(Sri Lanka),8.633333300000002,80.8166667
ihala elampola,Ihala Elampola(Sri Lanka),7.35,80.15
ihala elikimbulagala,Ihala Elikimbulagala(Sri Lanka),8.6,80.7833333
ihala embogama,Ihala Embogama(Sri Lanka),7.9166667,80.35
ihala galatabendiwewa,Ihala Galatabendiwewa(Sri Lanka),7.9666667,80.45
ihala galatanwewa,Ihala Galatanwewa(Sri Lanka),8.1833333,80.16666670000001
ihala galawewa,Ihala Galawewa(Sri Lanka),8.1166667,80.1
ihala galkandegama,Ihala Galkandegama(Sri Lanka),8.65,80.4833333
ihala galkulama,Ihala Galkulama(Sri Lanka),8.2833333,80.5
ihala galwaduwagama,Ihala Galwaduwagama(Sri Lanka),8.2333333,80.6333333
ihala ganegama,Ihala Ganegama(Sri Lanka),6.0333333,80.4833333
ihala getalewa,Ihala Getalewa(Sri Lanka),8.2833333,80.75
ihala gokarella,Ihala Gokarella(Sri Lanka),7.6,80.4666667
ihala habarawatta,Ihala Habarawatta(Sri Lanka),7.9666667,80.4333333
ihala hakgamuwa,Ihala Hakgamuwa(Sri Lanka),7.45,80.0666667
ihala halmillakotuwa,Ihala Halmillakotuwa(Sri Lanka),7.633333299999999,80.1166667
ihala halmillakulama,Ihala Halmillakulama(Sri Lanka),8.4,80.4
ihala hamillakulama,Ihala Hamillakulama(Sri Lanka),8.4,80.4
ihala hammillewa,Ihala Hammillewa(Sri Lanka),8.15,80.35
ihala hattiniya,Ihala Hattiniya(Sri Lanka),7.4166667,79.85
ihala heenpannawa,Ihala Heenpannawa(Sri Lanka),7.5666667,79.9666667
ihala hewessa,Ihala Hewessa(Sri Lanka),6.35,80.2833333
ihala hinguruwewa,Ihala Hinguruwewa(Sri Lanka),8.2833333,80.58333329999999
ihala hinpannawa,Ihala Hinpannawa(Sri Lanka),7.5666667,79.9666667
ihala hinukwewa,Ihala Hinukwewa(Sri Lanka),8.0166667,80.33333329999999
ihala hiripannawa,Ihala Hiripannawa(Sri Lanka),7.5666667,79.9666667
ihala hunugama,Ihala Hunugama(Sri Lanka),7.616666700000001,80.16666670000001
ihala imbulgoda,Ihala Imbulgoda(Sri Lanka),7.05,79.9833333
ihala indigaspotana,Ihala Indigaspotana(Sri Lanka),8.2666667,80.33333329999999
ihala inguruwatta,Ihala Inguruwatta(Sri Lanka),7.45,80.0666667
ihala kadigamuwa,Ihala Kadigamuwa(Sri Lanka),7.5666667,79.9666667
ihala kadigomuwa,Ihala Kadigomuwa(Sri Lanka),7.5666667,79.9666667
ihala kagama,Ihala Kagama(Sri Lanka),8.0666667,80.5666667
ihala kalankuttiya,Ihala Kalankuttiya(Sri Lanka),8.0666667,80.41666670000001
ihala kalugala,Ihala Kalugala(Sri Lanka),7.2833333,80.2666667
ihala kalugama,Ihala Kalugama(Sri Lanka),7.5833333,79.91666670000001
ihala kanhidigama,Ihala Kanhidigama(Sri Lanka),8.45,80.7
ihala kanogama,Ihala Kanogama(Sri Lanka),7.5333333,80.16666670000001
ihala karambankulama,Ihala Karambankulama(Sri Lanka),8.3666667,80.5666667
ihala karambe,Ihala Karambe(Sri Lanka),7.633333299999999,79.9833333
ihala karannagoda,Ihala Karannagoda(Sri Lanka),6.65,80.1
ihala katuneriya,Ihala Katuneriya(Sri Lanka),7.366666700000001,79.85
ihala kavinattama,Ihala Kavinattama(Sri Lanka),8.3166667,80.66666670000001
ihala kayinattama,Ihala Kayinattama(Sri Lanka),8.3166667,80.66666670000001
ihala keditokkuwa,Ihala Keditokkuwa(Sri Lanka),8.2166667,80.2166667
ihala keembiya,Ihala Keembiya(Sri Lanka),6.1,80.25
ihala kegama,Ihala Kegama(Sri Lanka),8.0666667,80.5666667
ihala kelegama,Ihala Kelegama(Sri Lanka),7.8166667,80.08333329999999
ihala ketigana ela,Ihala Ketigana Ela(Sri Lanka),7.866666700000001,80.5
ihala kiniyama,Ihala Kiniyama(Sri Lanka),7.65,80.0
ihala kitulhitiyawa,Ihala Kitulhitiyawa(Sri Lanka),7.9333333,80.6333333
ihala kobeyigane,Ihala Kobeyigane(Sri Lanka),7.6558333,80.13027779999999
ihala kolagama,Ihala Kolagama(Sri Lanka),7.7666667,80.15
ihala kolongaswewa,Ihala Kolongaswewa(Sri Lanka),8.483333300000002,80.65
ihala kongaswewa,Ihala Kongaswewa(Sri Lanka),8.2333333,80.45
ihala konwewa,Ihala Konwewa(Sri Lanka),7.866666700000001,80.2833333
ihala koonwewa,Ihala Koonwewa(Sri Lanka),7.866666700000001,80.2833333
ihala koswadiya,Ihala Koswadiya(Sri Lanka),7.4333333,79.83333329999999
ihala kotalakemiyawa,Ihala Kotalakemiyawa(Sri Lanka),7.866666700000001,80.0333333
ihala kotiyawa,Ihala Kotiyawa(Sri Lanka),8.5,80.4
ihala kottaramulla,Ihala Kottaramulla(Sri Lanka),7.381388900000001,79.8741667
ihala kudagama,Ihala Kudagama(Sri Lanka),8.5,80.65
ihala kudapattiya,Ihala Kudapattiya(Sri Lanka),8.483333300000002,80.7333333
ihala kudawewa,Ihala Kudawewa(Sri Lanka),7.85,80.2166667
ihala kudewa,Ihala Kudewa(Sri Lanka),7.85,80.2166667
ihala kulugama,Ihala Kulugama(Sri Lanka),7.5833333,79.91666670000001
ihala kumbukgollewa,Ihala Kumbukgollewa(Sri Lanka),8.55,80.75
ihala kumbukwewa,Ihala Kumbukwewa(Sri Lanka),7.6666667,80.16666670000001
ihala kumbukwewa,Ihala Kumbukwewa(Sri Lanka),6.366666700000001,81.0166667
ihala labbawa,Ihala Labbawa(Sri Lanka),7.35,80.08333329999999
ihala lolanwewa,Ihala Lolanwewa(Sri Lanka),7.6833333,80.15
ihala mahawewa,Ihala Mahawewa(Sri Lanka),7.4666667,79.83333329999999
ihala malagane,Ihala Malagane(Sri Lanka),7.65,80.2666667
ihala malattawa,Ihala Malattawa(Sri Lanka),7.6,79.9666667
ihala mandakendana,Ihala Mandakendana(Sri Lanka),7.5333333,79.95
ihala mandakondana,Ihala Mandakondana(Sri Lanka),7.5333333,79.95
ihala mandalana,Ihala Mandalana(Sri Lanka),7.6555556,79.9
ihala maragahawewa,Ihala Maragahawewa(Sri Lanka),8.3,80.16666670000001
ihala mawatagama,Ihala Mawatagama(Sri Lanka),7.7666667,80.0333333
ihala mawatawewa,Ihala Mawatawewa(Sri Lanka),8.2166667,80.5
ihala mawathagama,Ihala Mawathagama(Sri Lanka),7.7666667,80.0333333
ihala medagama,Ihala Medagama(Sri Lanka),7.6666667,80.4333333
ihala medagoda,Ihala Medagoda(Sri Lanka),7.4333333,80.2
ihala mohottawa,Ihala Mohottawa(Sri Lanka),7.4,80.0666667
ihala molaelipitiya,Ihala Molaelipitiya(Sri Lanka),7.633333299999999,79.9333333
ihala nakalagamuwa,Ihala Nakalagamuwa(Sri Lanka),7.4166667,80.35
ihala nakolagamuwa,Ihala Nakolagamuwa(Sri Lanka),7.4166667,80.35
ihala nanneriya,Ihala Nanneriya(Sri Lanka),8.0166667,80.2
ihala naragala,Ihala Naragala(Sri Lanka),6.7,80.1
ihala narangamuwa,Ihala Narangamuwa(Sri Lanka),7.3333333,80.1
ihala neboda,Ihala Neboda(Sri Lanka),6.6,80.08333329999999
ihala nelibewa,Ihala Nelibewa(Sri Lanka),7.5666667,80.1333333
ihala nettipolagama,Ihala Nettipolagama(Sri Lanka),7.85,80.35
ihala nittewa,Ihala Nittewa(Sri Lanka),8.3,80.7333333
ihala nochchikulama,Ihala Nochchikulama(Sri Lanka),8.1,80.58333329999999
ihala ogadapola,Ihala Ogadapola(Sri Lanka),7.4666667,80.5
ihala ogodapola,Ihala Ogodapola(Sri Lanka),7.4666667,80.5
ihala olidaluwa,Ihala Olidaluwa(Sri Lanka),7.5333333,79.8166667
ihala olugollewa,Ihala Olugollewa(Sri Lanka),8.3666667,80.6833333
ihala omatta,Ihala Omatta(Sri Lanka),6.3333333,80.16666670000001
ihala ottukulama,Ihala Ottukulama(Sri Lanka),7.8,80.0
ihala palamugedara,Ihala Palamugedara(Sri Lanka),7.65,80.08333329999999
ihala pallewela,Ihala Pallewela(Sri Lanka),7.4333333,80.1
ihala palugollewa,Ihala Palugollewa(Sri Lanka),7.9833333,80.4666667
ihala pannawa,Ihala Pannawa(Sri Lanka),7.6666667,80.15
ihala pewuwewa,Ihala Pewuwewa(Sri Lanka),6.4166667,81.16666670000001
ihala pewwewa,Ihala Pewwewa(Sri Lanka),6.4166667,81.16666670000001
ihala pidivilla,Ihala Pidivilla(Sri Lanka),7.5666667,80.45
ihala pohorabawa,Ihala Pohorabawa(Sri Lanka),6.8,80.3
ihala potana,Ihala Potana(Sri Lanka),8.35,80.55
ihala puliyankulama,Ihala Puliyankulama(Sri Lanka),8.15,80.5666667
ihala puliyankulama,Ihala Puliyankulama(Sri Lanka),8.1666667,80.0333333
ihala radawa,Ihala Radawa(Sri Lanka),7.5,80.1333333
ihala rambewa,Ihala Rambewa(Sri Lanka),8.1833333,80.7666667
ihala rambewa,Ihala Rambewa(Sri Lanka),7.8,80.08333329999999
ihala rambewewa,Ihala Rambewewa(Sri Lanka),8.1833333,80.7666667
ihala ranooruwa,Ihala Ranooruwa(Sri Lanka),7.9,80.16666670000001
ihala ranorewa,Ihala Ranorewa(Sri Lanka),7.9,80.16666670000001
ihala rembewa,Ihala Rembewa(Sri Lanka),7.8,80.08333329999999
ihala rukmale,Ihala Rukmale(Sri Lanka),7.4,80.2166667
ihala sandanankulama,Ihala Sandanankulama(Sri Lanka),8.1833333,80.6
ihala siyambalewa,Ihala Siyambalewa(Sri Lanka),7.8333333,80.0166667
ihala talakolawewa,Ihala Talakolawewa(Sri Lanka),7.866666700000001,80.0166667
ihala talambuwa,Ihala Talambuwa(Sri Lanka),7.8,80.3
ihala talangedara,Ihala Talangedara(Sri Lanka),7.75,80.15
ihala talawa,Ihala Talawa(Sri Lanka),8.2333333,80.35
ihala talgasagare,Ihala Talgasagare(Sri Lanka),7.45,79.8833333
ihala talgasgare,Ihala Talgasgare(Sri Lanka),7.45,79.8833333
ihala tambagalla,Ihala Tambagalla(Sri Lanka),7.5333333,79.8666667
ihala tammanewa,Ihala Tammanewa(Sri Lanka),8.583333300000001,80.7
ihala tammanna,Ihala Tammanna(Sri Lanka),7.633333299999999,79.91666670000001
ihala tammannewa,Ihala Tammannewa(Sri Lanka),8.2166667,80.15
ihala taranagollewa,Ihala Taranagollewa(Sri Lanka),8.1333333,80.3833333
ihala thalambuwa,Ihala Thalambuwa(Sri Lanka),7.8,80.3
ihala thalangedera,Ihala Thalangedera(Sri Lanka),7.75,80.15
ihala timbirigaswewa,Ihala Timbirigaswewa(Sri Lanka),7.9833333,80.4333333
ihala timbiriwewa,Ihala Timbiriwewa(Sri Lanka),7.9833333,80.4333333
ihala timbiriwewa,Ihala Timbiriwewa(Sri Lanka),7.5666667,79.91666670000001
ihala timbiriyawa,Ihala Timbiriyawa(Sri Lanka),7.866666700000001,80.3833333
ihala ulpota,Ihala Ulpota(Sri Lanka),7.9,80.5666667
ihala vitiyala,Ihala Vitiyala(Sri Lanka),6.05,80.5333333
ihala wadugoda,Ihala Wadugoda(Sri Lanka),6.5333333,79.9833333
ihala wakkunuwala,Ihala Wakkunuwala(Sri Lanka),7.4333333,80.16666670000001
ihala wakkunuwela,Ihala Wakkunuwela(Sri Lanka),7.4333333,80.16666670000001
ihala walahena,Ihala Walahena(Sri Lanka),7.5333333,79.85
ihala walawachchiya,Ihala Walawachchiya(Sri Lanka),8.35,80.5333333
ihala walpaluwa,Ihala Walpaluwa(Sri Lanka),7.883333299999999,80.1833333
ihala walpola,Ihala Walpola(Sri Lanka),7.35,80.3833333
ihala weeradadana,Ihala Weeradadana(Sri Lanka),7.85,80.0333333
ihala welgama,Ihala Welgama(Sri Lanka),6.616666700000001,80.2
ihala weligepola,Ihala Weligepola(Sri Lanka),7.4166667,80.4666667
ihala weliyawa,Ihala Weliyawa(Sri Lanka),8.1,80.2666667
ihala wetiyawa,Ihala Wetiyawa(Sri Lanka),8.2666667,80.2166667
ihala wiradadana,Ihala Wiradadana(Sri Lanka),7.85,80.0333333
ihala witiyala,Ihala Witiyala(Sri Lanka),6.05,80.5333333
ihala yalogama,Ihala Yalogama(Sri Lanka),8.3666667,80.2666667
ihala yantampolagama,Ihala Yantampolagama(Sri Lanka),8.0833333,80.2
ihalabukendayaya,Ihalabukendayaya(Sri Lanka),6.25,80.7166667
ihaladigane,Ihaladigane(Sri Lanka),7.964722200000001,80.3497222
ihaladiggala,Ihaladiggala(Sri Lanka),7.8166667,80.58333329999999
ihalagalagama,Ihalagalagama(Sri Lanka),6.7333333,80.7333333
ihalagama,Ihalagama(Sri Lanka),7.9666667,80.6333333
ihalagama,Ihalagama(Sri Lanka),7.5,79.83333329999999
ihalagama,Ihalagama(Sri Lanka),7.2666667,80.33333329999999
ihalagama,Ihalagama(Sri Lanka),6.133333299999999,80.9333333
ihalagama demala,Ihalagama Demala(Sri Lanka),7.75,79.9666667
ihalagama niyangama,Ihalagama Niyangama(Sri Lanka),7.4166667,80.55
ihalagama sinhala,Ihalagama Sinhala(Sri Lanka),7.8166667,80.0
ihalagoda,Ihalagoda(Sri Lanka),5.9833333,80.7166667
ihalaguruwela,Ihalaguruwela(Sri Lanka),6.2,80.85
ihalainen,Ihalainen(Finland),60.63333299999999,27.666666999999997
ihalainen,Ihalainen(Finland),60.715832999999996,21.874167
ihalakalalpitiya,Ihalakalalpitiya(Sri Lanka),7.3166667,80.2166667
ihalakanda,Ihalakanda(Sri Lanka),6.616666700000001,80.5166667
ihalakande bavulana,Ihalakande Bavulana(Sri Lanka),7.2,80.7166667
ihalakinipitiya,Ihalakinipitiya(Sri Lanka),7.85,80.2666667
ihalakolaeliya,Ihalakolaeliya(Sri Lanka),7.6833333,79.9
ihalakotte,Ihalakotte(Sri Lanka),7.2833333,80.4666667
ihalamedagama,Ihalamedagama(Sri Lanka),6.35,80.3666667
ihalamillawa,Ihalamillawa(Sri Lanka),6.3,80.4666667
ihalamulla,Ihalamulla(Sri Lanka),7.45,80.55
ihalamulla,Ihalamulla(Sri Lanka),6.0166667,80.66666670000001
ihalankyla,Ihalankylä(Finland),61.533333,28.933333
ihalaobada,Ihalaobada(Sri Lanka),6.2166667,80.7166667
ihalapanangala,Ihalapanangala(Sri Lanka),6.3166667,80.45
ihalapuliyankulam,Ihalapuliyankulam(Sri Lanka),8.15,80.5666667
ihalar,Ihalar(France),43.309778,-1.570406
ihalav,Ihalav(Nigeria),7.9125,8.5904
ihalawalahapitiya,Ihalawalahapitiya(Sri Lanka),7.4333333,79.85
ihalawatteralagewewa,Ihalawatteralagewewa(Sri Lanka),7.85,80.25
ihalawela,Ihalawela(Sri Lanka),7.4833333,80.45
ihalawela,Ihalawela(Sri Lanka),7.5333333,80.58333329999999
ihalawettewa,Ihalawettewa(Sri Lanka),7.35,80.2333333
ihalawewa,Ihalawewa(Sri Lanka),8.1333333,80.41666670000001
ihalawewa,Ihalawewa(Sri Lanka),7.85,80.2333333
ihalawewa,Ihalawewa(Sri Lanka),7.5333333,80.58333329999999
ihalayagoda,Ihalayagoda(Sri Lanka),7.05,79.9833333
ihale,Ihale(Tanzania),-2.4333332999999997,32.9333333
ihalele,Ihalele(Tanzania),-3.0166667,32.7666667
ihalempi,Ihalempi(Finland),61.05,24.3
ihalimba,Ihalimba(Tanzania),-8.25,35.533333299999995
ihallouchen,Ihallouchèn(Morocco),30.441665999999998,-8.136481
ihallouchene,Ihallouchene(Morocco),30.441665999999998,-8.136481
ihalo,Ihalo(Tanzania),-2.6,33.5166667
ihalodo,Ihalodo(Indonesia),-9.5484,119.0191
ihalouchen,Ihalouchèn(Morocco),30.441665999999998,-8.136481
ihama,Ihama(Japan),34.683333000000005,138.76666699999998
ihamaa,Ihamaa(Finland),60.7,27.283333000000002
ihamaki,Ihamäki(Finland),60.6,23.566667000000002
ihamaniemi,Ihamaniemi(Finland),62.066667,28.383333
ihamaru,Ihamaru(Estonia),58.0636111,26.901388899999997
ihamba,Ihamba(Congo),-2.683333,28.716666999999998
ihamba,Ihamba(Zaire),-2.6833332999999997,28.7166667
ihambawali band,Ihambawali Band(Pakistan),33.202983,72.87822
ihambi,Ihambi(Congo),-3.25,23.75
ihambi,Ihambi(Zaire),-3.25,23.75
ihamchioun,Ihamchioun(Morocco),29.246691,-10.066716
ihamdanine,Ihamdanine(Morocco),35.465672999999995,-5.245694
ihamdar,Ihamdar(Morocco),31.43047,-5.017257
ihammarane,Ihammarane(Morocco),35.433066,-5.226704
ihamxiuen,Ihamxiuen(Morocco),29.246691,-10.066716
ihan,Ihan(Slovenia),46.1208333,14.62
ihan,Ihan(Chad),10.6,15.383333300000002
ihanachene,Ihanachene(Morocco),35.04548,-4.784059
ihanamilo,Ihanamilo(Tanzania),-2.9666667,32.283333299999995
ihanaxen,Ihanaxen(Morocco),35.04548,-4.784059
ihanda,Ihanda(Tanzania),-9.166666699999999,32.8666667
ihanda,Ihanda(Tanzania),-1.5633333,31.121111100000004
ihandar,Ihandar(Morocco),30.762461,-5.215957
ihandarane n'ait tari,Ihandarane n'Ait Tari(Morocco),31.712357,-5.386054
ihandaren,Ihandaren(Morocco),29.296265999999996,-10.148064999999999
ihandarene,Ihandarene(Morocco),29.296265999999996,-10.148064999999999
ihandourene,Ihandourene(Morocco),35.166781,-4.162617
ihanduren,Ihanduren(Morocco),35.166781,-4.162617
ihanelar,Ihanelar(Morocco),31.108559000000003,-4.887068
ihange,Ihange(Nigeria),7.016667,8.9
ihangi,Ihangi(Tanzania),-8.7,33.283333299999995
ihangiro,Ihangiro(Burundi),-3.2877777999999998,30.386666700000003
ihango,Ihango(Congo),-3.333333,23.616667
ihango,Ihango(Tanzania),-8.0833333,36.6
ihango,Ihango(Tanzania),-8.7,33.283333299999995
ihango,Ihango(Zaire),-3.3333333,23.6166667
ihaniemi,Ihaniemi(Finland),61.05,24.3
ihanja,Ihanja(Tanzania),-5.0666667,34.6666667
ihankass,Ihankass(Morocco),30.036276,-9.038774
ihanme,Ihanme(Nigeria),7.01,8.9873
ihanndar,Ihanndar(Morocco),31.43047,-5.017257
ihannkas,Ihannkas(Morocco),30.036276,-9.038774
ihantala,Ihantala(Russian Federation),60.833332999999996,28.833333000000003
ihanto,Ihanto(Finland),63.016667000000005,30.2
ihantovaara,Ihantovaara(Finland),63.016667000000005,30.2
ihanxiven,Ihanxiven(Morocco),29.246691,-10.066716
ihanzutwa,Ihanzutwa(Tanzania),-8.2,35.05
ihaouna ikedat,Ihaouna Ikedat(Morocco),32.16345,-5.527858
ihapin,Ihapin(Nigeria),6.314197,4.6574160000000004
ihapula,Ihapula(Tanzania),-3.8833333,32.2666667
ihara,Ihara(Japan),30.533333000000002,130.933333
ihara,Ihara(Japan),34.6,133.466667
ihara,Ihara(Japan),35.05,138.48333300000002
ihara,Ihara(Japan),26.090556,127.684444
iharabe,Iharabe(Madagascar),-15.433333300000001,50.3833333
iharaha,IharaHa(Madagascar),-13.35,50.0
iharamalaza,Iharamalaza(Madagascar),-19.25,47.8166667
iharamamy,Iharamamy(Madagascar),-24.2666667,46.6
iharamena,Iharamena(Madagascar),-20.2333333,47.6166667
iharamene,Iharamene(Morocco),35.391534,-5.251727
iharana,Iharana(Madagascar),-17.7666667,49.466666700000005
iharana,Iharana(Madagascar),-19.533333300000002,47.533333299999995
iharanandriana,Iharanandriana(Madagascar),-19.3666667,47.8166667
iharangarana,Iharangarana(Madagascar),-21.716666699999998,47.2
iharbachen,Iharbachen(Morocco),35.112574,-2.979473
iharbachene,Iharbachene(Morocco),35.112574,-2.979473
iharbaxen,Iharbaxen(Morocco),35.112574,-2.979473
iharchanen,Iharchanen(Morocco),35.034759,-4.179881
iharchanene,Iharchanene(Morocco),35.034759,-4.179881
iharchliene,Iharchliène(Morocco),34.73022,-3.970503
ihardach,Ihardach(Morocco),29.83,-9.38
iharfen,Iharfen(Morocco),35.142555,-4.9702660000000005
iharfene,Iharfene(Morocco),35.142555,-4.9702660000000005
ihari,Ihari(Finland),61.4,24.25
ihari,Ihari(Korea (Democratic People's Republic of)),38.85,126.96666670000002
ihari,Ihari(Korea (Democratic People's Republic of)),39.9972222,125.2383333
iharinony,Iharinony(Madagascar),-21.6333333,45.3333333
iharisane,Iharisane(Morocco),31.601370000000003,-7.352241
iharke,Iharke(Pakistan),31.822239,73.82204399999999
iharkut,Iharkút(Hungary),47.224252,17.602408999999998
iharos,Iharos(Hungary),47.466667,18.85
iharos,Iharos(Hungary),46.343841,17.102053
iharos,Iharos(Hungary),46.8,17.433332999999998
iharosbereny,Iharosberény(Hungary),46.363446,17.112265
iharosi dulo,Iharosi Dulo(Hungary),46.8,17.433332999999998
iharosmajor,Iharosmajor(Hungary),47.561917,17.040092
iharouene,Iharouene(Morocco),34.986525,-4.1747559999999995
iharrojene,Iharrojene(Morocco),35.234884,-3.021569
iharroyen,Iharroyen(Morocco),35.234884,-3.021569
iharu,Iharu(Papua New Guinea),-7.133333299999999,143.81666669999998
ihasalu,Ihasalu(Estonia),59.5186111,25.1902778
ihasan junejo,Ihasan Junejo(Pakistan),27.826492,68.434588
ihasanene,Ihasanene(Morocco),35.390855,-5.059551
ihasene,Ihasene(Morocco),29.682284999999997,-9.239491000000001
ihasern,Ihasern(Morocco),29.682284999999997,-9.239491000000001
ihasikely,Ihasikely(Madagascar),-18.6333333,47.05
ihassanene-n'ait issaad,Ihassanene-n'Aït Issaad(Algeria),36.6666667,4.4166667
ihassanene-n-ait isaad,Ihassanene-n-Aït Isaad(Algeria),36.6666667,4.4166667
ihassanine,Ihassanine(Morocco),30.36,-8.4
ihaste,Ihaste(Estonia),58.34972220000001,26.7858333
ihastjarvi,Ihastjärvi(Finland),61.86666700000001,27.166666999999997
ihasy,Ihasy(Madagascar),-19.45,46.3
ihasz,Ihász(Hungary),47.4,17.433332999999998
ihat pane,Ihat Pane(Indonesia),2.9472,99.4912
ihata nur khan,Ihata Nur Khan(Pakistan),33.8949,73.3906
ihattula,Ihattula(Finland),60.561111,21.67
ihatub,Ihatub(Philippines),13.4279,121.8252
ihausen,Ihausen(Germany),53.266667000000005,7.816667
ihaussine,Ihaussine(Morocco),30.304709000000003,-7.867601
ihaviry,Ihaviry(Madagascar),-21.55,45.3833333
ihawa,Ihawa(Sri Lanka),7.0,81.41666670000001
ihawka,Ihawka(Belarus),52.3497222,31.42
ihayabuya,Ihayabuya(Tanzania),-2.3833333,33.6833333
ihazern,Ihazern(Morocco),29.682284999999997,-9.239491000000001
ihazo,Ihazo(Madagascar),-23.1666667,46.5
ihazofotsy,Ihazofotsy(Madagascar),-23.45,45.6666667
ihazoroa,Ihazoroa(Madagascar),-22.216666699999998,46.0833333
ihazoudane,Ihazoudane(Morocco),31.916357,-6.745025
ihbaben,Ihbaben(Morocco),30.64783,-8.296548
ihbabene,Ihbabene(Morocco),30.64783,-8.296548
ihbulag,Ihbulag(Mongolia),43.2,107.2
ihbulag,Ihbulag(Mongolia),45.35,113.13333329999999
ihc,Ihc(Morocco),32.512434999999996,-1.003399
ihdarne,Ihdarne(Morocco),29.574475,-9.313262
ihden,Ihden(Lebanon),34.2911111,35.965
ihdin,Ihdin(Lebanon),34.2911111,35.965
ihe,Ihe(Nigeria),6.223452,7.448658
ihe bulag'iin hurie,Ihe bulag'iin hürie(Mongolia),45.35,113.13333329999999
ihe erien,Ihe Erien(Mongolia),45.9166667,108.46666670000002
ihe erien sumu,Ihe Erien Sumu(Mongolia),45.9166667,108.46666670000002
ihe hete,Ihe hete(Mongolia),46.25,110.16666670000001
ihe hete sumu,Ihe hete sumu(Mongolia),46.25,110.16666670000001
ihe jirgalan sumu,Ihe jirgalan Sumu(Mongolia),45.5166667,108.8
ihe jirgalang,Ihe Jirgalang(Mongolia),45.5166667,108.8
ihe jirgalantu sumu,Ihe jirgalantu sumu(Mongolia),48.5872222,99.3508333
ihe tamir,Ihe Tamir(Mongolia),47.5,100.8666667
ihe tsaydam,Ihe Tsaydam(China),37.833333,95.3
ihe tushig tsagaan nur sumu,Ihe tushig tsagaan nur sumu(Mongolia),50.3333333,105.05
ihe tushig tsagaan nuur,Ihe tushig tsagaan nuur(Mongolia),50.3333333,105.05
ihe ula sumu,Ihe ula sumu(Mongolia),48.55,98.66666670000001
ihe uula sumu,Ihe uula sumu(Mongolia),49.4333333,101.4666667
ihe-furagin-fururu,Ihe-furagin-fururu(Mongolia),45.35,113.13333329999999
ihebo,Ihebo(Tanzania),-2.0,32.8833333
iheddadene,Iheddadene(Morocco),35.165607,-2.964187
ihedhoumene,Ihedhoumene(Morocco),35.090317,-3.066072
iheke,Iheke(Nigeria),5.064712999999999,6.620307
ihela,Ihela(Madagascar),-23.783333300000002,44.8
ihelitene,Ihelitene(Morocco),35.063271,-4.5091779999999995
ihellitene,Ihellitene(Morocco),35.063271,-4.5091779999999995
ihelloubatene,Ihelloubatene(Morocco),35.401265,-5.221755
ihemba,Ihemba(Nigeria),6.683333,9.55
ihembe,Ihembe(Congo),-2.490556,28.546667
ihembe,Ihembe(Nigeria),7.15,8.95
ihembe,Ihembe(Tanzania),-1.7388888999999998,31.133888899999995
ihembe,Ihembe(Zaire),-2.4905556,28.546666700000003
ihembe i,Ihembe I(Tanzania),-1.7236111,31.142777799999998
ihembe ii,Ihembe II(Tanzania),-1.7063888999999999,31.155833299999998
ihembosi,Ihembosi(Nigeria),5.923644,6.883574
iheme,Iheme(Tanzania),-8.0166667,35.5166667
ihenkass,Ihenkass(Morocco),30.036276,-9.038774
ihenta,Ihenta(Nigeria),5.61546,7.821637
iheorji,Iheorji(Nigeria),5.1666669999999995,7.4
iherachs,Iherachs(Morocco),35.0,-4.5
iheringsfehn,Iheringsfehn(Germany),53.316667,7.533333
iherir,Iherir(Algeria),25.4,8.416666699999999
iherir foukani,Iherir Foukani(Algeria),25.4,8.416666699999999
iherm n'ouzrod,Iherm n'Ouzrod(Morocco),31.38,-6.88
ihessanene,Ihessanene(Morocco),35.390855,-5.059551
ihettachene,Ihettachene(Morocco),35.432753999999996,-5.180705000000001
iheuokpara,Iheuokpara(Nigeria),6.3112,7.6777
ihevo,Ihevo(Madagascar),-22.1666667,47.533333299999995
iheya,Iheya(Japan),27.018964,127.97436599999999
ihhayrhan,Ihhayrhan(Mongolia),46.8666667,106.0
ihhet,Ihhet(Mongolia),46.25,110.16666670000001
ihi,Ihi(Niger),14.25,7.0166667
ihi,Ihi(Nigeria),13.314164000000002,5.159411
ihia,Ihia(Nigeria),5.175464,6.962377
ihiagwa,Ihiagwa(Nigeria),5.399294,7.008997999999999
ihiala,Ihiala(Nigeria),5.853769000000001,6.860264999999999
ihie,Ihie(Nigeria),5.299274,6.840573
ihie,Ihie(Nigeria),5.015658,7.3134380000000005
ihie farm settlement,Ihie Farm Settlement(Nigeria),5.27765,6.824739999999999
ihie-ndume,Ihie-Ndume(Nigeria),5.5152,7.514542
ihigaini,Ihigaini(Kenya),-0.6833333,36.9833333
ihihech des ait mimoun,Ihihech des Aït Mimoun(Morocco),30.26892,-9.513568
ihilt-keroun,Ihilt-Keroun(Algeria),36.7333333,4.633333299999999
ihim,Ihim(Nigeria),5.466062,7.572839
ihimba,Ihimba(Senegal),12.448888900000002,-16.6636111
ihimbe,Ihimbe(Tanzania),-7.9,35.8
ihimbou,Ihimbou(Congo),-0.42416670000000006,15.712222199999998
ihimbu,Ihimbu(Tanzania),-7.9,35.8
ihimbwa,Ihimbwa(Tanzania),-6.9666667,35.6666667
ihing,Ihing(China),31.370527000000003,119.870271
ihing,Ihing(Indonesia),-3.2532,119.1477
ihinga,Ihinga(Kenya),-0.7666666999999999,37.0
ihinicken,Ihinicken(Russian Federation),54.8925,19.971944
ihioma,Ihioma(Nigeria),5.807474,6.9977979999999995
ihit,Ihit(Philippines),13.7288,122.8415
ihite,Ihite(Nigeria),5.3649510000000005,7.18525
ihite owerri,Ihite Owerri(Nigeria),5.8710059999999995,7.010209
ihite-ihiala,Ihite-Ihiala(Nigeria),5.824686,6.815303999999999
ihite-nansa,Ihite-Nansa(Nigeria),5.8742849999999995,6.9929429999999995
ihithe,Ihithe(Kenya),-0.48333329999999997,36.8666667
ihitte,Ihitte(Nigeria),5.601715,7.289488
ihitte ogwa,Ihitte Ogwa(Nigeria),5.616667,7.098284
ihiuna,Ihiuna(Nigeria),7.316667,8.633333
ihivoka,Ihivoka(Madagascar),-22.45,46.1166667
ihiya,Ihiya(Japan),26.916269,127.93355600000001
ihjargalan,Ihjargalan(Mongolia),45.5166667,108.8
ihkumiza,Ihkumiza(Albania),41.0633333,19.917222199999998
ihl-e qurban,Ihl-e Qurban(Afghanistan),34.426983,66.164474
ihlalene,Ihlalene(Morocco),31.378203000000003,-7.516425
ihlamurlu,Ihlamurlu(Turkey),40.797344,40.542613
ihlamurtasi,Ihlamurtasi(Turkey),40.002992,27.937365999999997
ihlara,Ihlara(Turkey),38.240635,34.299597
ihlasmarbenjong,Ihlasmarbenjong(Indonesia),-8.5795,116.4739
ihlbeck,Ihlbeck(Germany),53.65,9.166667
ihlbrock,Ihlbrock(Germany),52.666667000000004,8.466667
ihleburg,Ihleburg(Germany),52.333333,11.916667
ihlen,Ihlen(United States of America),43.9072222,-96.36694440000001
ihlendorf,Ihlendorf(Germany),52.533333,8.25
ihlenfeld,Ihlenfeld(Germany),53.583332999999996,13.333332999999998
ihlewitz,Ihlewitz(Germany),51.65,11.683333
ihlienworth,Ihlienworth(Germany),53.733332999999995,8.916667
ihlingen,Ihlingen(Germany),48.433333000000005,8.666667
ihlingshof,Ihlingshof(Germany),47.583333,9.95
ihlkamp,Ihlkamp(Germany),54.0,10.333333
ihlow,Ihlow(Germany),51.883333,13.333332999999998
ihlowerfehn,Ihlowerfehn(Germany),53.4,7.433333
ihlowerhorn,Ihlowerhörn(Germany),53.38333299999999,7.483333
ihluku,Ihluku(South Africa),-30.624645,29.982177000000004
ihmam,Ihmam(Saudi Arabia),20.82977,45.811658
ihme,Ihme(Germany),52.3,9.683333
ihme,Ihme(Finland),65.8,27.316667
ihmert,Ihmert(Germany),51.333333,7.733333
ihmerterbach,Ihmerterbach(Germany),51.333333,7.733333
ihmij,Ihmij(Lebanon),34.1166667,35.783333299999995
ihmoudan,Ihmoudan(Morocco),30.443014,-7.128089999999999
ihn,Ihn(Germany),49.316666999999995,6.6
ihnach,Ihnach(Morocco),30.654926,-9.793888
ihnasiyah,Ihnasiyah(Egypt),29.0916667,31.0222222
ihnasiyah al khadra',Ihnasiyah al Khadra'(Egypt),29.0916667,31.0222222
ihnasiyat al madinah,Ihnasiyat al Madinah(Egypt),29.0891667,30.941111100000004
ihnassine,Ihnassine(Morocco),35.04548,-4.784059
ihnasya al madinah,Ihnasya al Madinah(Egypt),29.0891667,30.941111100000004
ihnasya el khadra,Ihnâsya el Khadra(Egypt),29.0916667,31.0222222
ihnasya el madina,Ihnasya el Madîna(Egypt),29.0891667,30.941111100000004
ihnasyat al madinah,Ihnasyat al Madinah(Egypt),29.0891667,30.941111100000004
ihne,Ihne(Germany),51.1,7.783333
ihnen,Ihnen(Luxembourg),49.5997222,6.3877778
ihnesik,Ihnesik(Turkey),39.04468,38.696895
ihnesor,Ihnesor(Turkey),39.219671000000005,38.757311
iho,Iho(China),37.885833,118.352222
iho,Iho(China),32.281944,108.9575
iho,Iho(Korea),37.283333,126.86666699999999
iho,Iho(Nigeria),8.483333,4.4166669999999995
iho,Iho(Nigeria),6.615558999999999,5.983837
iho,Iho(Taiwan),22.6333333,120.41666670000001
ihoachrene,Ihoachrene(Morocco),35.146203,-3.172094
ihoanza,Ihoanza(Tanzania),-8.566666699999999,34.75
ihochen,Ihochen(China),37.885833,118.352222
ihochen,Ihochen(China),37.516667,110.46666699999999
ihochuang,Ihochuang(China),37.885833,118.352222
ihod,Ihod(Romania),46.633333,24.8
ihoda,Ihoda(Madagascar),-25.3333333,45.6666667
ihode,Ihode(Finland),60.983332999999995,21.6
ihodo,Ihodo(Madagascar),-25.3333333,45.6666667
ihodong,Ihodong(Korea),33.493333,126.46194399999999
ihojarvi,Ihojärvi(Russian Federation),61.33082099999999,30.082028
ihoke,Ihoke(Nigeria),7.6451,7.7896
iholdy,Iholdy(France),43.282008000000005,-1.1802219999999999
iholi,Iholi(Taiwan),23.783333300000002,120.48333329999998
ihologero,Ihologero(Tanzania),-4.2333333,33.466666700000005
ihom,Ihom(Nigeria),7.15,8.95
ihongole,Ihongole(Tanzania),-8.25,35.7
ihongu,Ihongu(Nigeria),7.6739,8.3233
ihoni-yandonu,Ihoni-Yandonu(Equatorial Guinea),0.8833333000000001,9.316666699999999
ihopa,Ihopa(China),32.281944,108.9575
ihopa,Ihopa(Madagascar),-19.65,45.4
ihopy,Ihopy(Madagascar),-16.55,45.8166667
ihor,Ihor(Nigeria),7.7818,8.2448
ihore,Ihore(Papua New Guinea),-5.7166667,141.41666669999998
ihori,Ihori(Japan),37.033333,137.05
ihori,Ihori(Korea),37.296389000000005,127.685
ihorify,Ihorify(Madagascar),-24.75,45.716666700000005
ihorivka,Ihorivka(Ukraine),45.161747999999996,33.837604
ihorombe,Ihorombe(Madagascar),-20.966666699999998,46.55
ihorrane,Ihorrane(Morocco),35.389869,-5.179661
ihorst,Ihorst(Germany),52.61666700000001,8.133333
ihorstermoor,Ihorstermoor(Germany),53.25,7.8333330000000005
ihosaki,Ihosaki(Japan),34.766667,134.783333
ihosumu,Ihosumu(China),42.533333,111.96666699999999
ihosy,Ihosy(Madagascar),-22.4,46.1166667
ihosy,Ihosy(Madagascar),-18.5666667,46.95
ihosy,Ihosy(Madagascar),-24.1666667,46.5833333
ihosy riviere,Ihosy Rivière(Madagascar),-21.85,46.0166667
ihota,Ihota(Japan),33.933333000000005,132.433333
ihotry,Ihotry(Madagascar),-21.95,43.6166667
ihotsika,Ihotsika(Madagascar),-21.2,46.9833333
ihotsun,Ihotsun(Taiwan),22.6333333,120.41666670000001
ihotunlahti,Ihotunlahti(Finland),63.566667,27.516666999999998
ihoua,Ihoua(Togo),7.616666700000001,0.9833333000000001
ihouassi,Ihouassi(Togo),7.5833333,1.0333333
ihouda,Ihouda(Congo),-0.1466667,15.5325
ihoudiguene,Ihoudiguene(Morocco),31.794819,-5.775583
ihoukarne,Ihoukarne(Morocco),30.531874,-7.643028
ihoumdamene,Ihoumdamene(Morocco),35.494040999999996,-5.201674
ihounras,Ihounras(Morocco),31.241271,-8.549306
ihoura,Ihoura(Congo),0.2966667,15.473611100000001
ihourras,Ihourras(Morocco),35.355554999999995,-5.1314459999999995
ihouta,Ihouta(Congo),-0.1466667,15.5325
ihouziine,Ihouziine(Morocco),30.746252000000002,-8.113627000000001
ihouzine,Ihouzine(Morocco),30.746252000000002,-8.113627000000001
ihouzza,Ihouzza(Morocco),30.575861,-9.706625
ihova,Ihova(Slovenia),46.6313889,15.909444400000002
ihowanza,Ihowanza(Tanzania),-8.566666699999999,34.75
ihowo,Ihowo(Nigeria),5.0075769999999995,6.663193
ihoya,Ihoya(China),32.281944,108.9575
ihozaki,Ihozaki(Japan),34.766667,134.783333
ihozya,Ihozya(Tanzania),-8.25,32.3833333
ihr,Ihr(Cambodia),13.866666699999998,103.83333329999999
ihrac,Ihrac(Slovakia),48.65,18.95
ihraciya yaylasi,Ihraciya Yaylasi(Turkey),38.15,33.5
ihrahimabad,Ihrahimabad(Iran (Islamic Republic of)),28.9102,58.6103
ihraz,Ihráz(Hungary),46.95,21.4
ihrdach,Ihrdach(Morocco),29.83,-9.38
ihre,Ihre(Cambodia),13.866666699999998,103.83333329999999
ihren,Ihren(Germany),53.15,7.466667
ihren,Ihren(Germany),50.216667,6.2
ihrenerfeld,Ihrenerfeld(Germany),53.13333299999999,7.466667
ihrhove,Ihrhove(Germany),53.166667000000004,7.45
ihringen,Ihringen(Germany),48.043673,7.646992999999999
ihringshausen,Ihringshausen(Germany),51.35,9.516667
ihriste,Ihriste(Slovakia),49.15,18.3
ihrit,Ihrit(Egypt),29.2788889,30.730833299999997
ihrit al gharbiyah,Ihrit al Gharbiyah(Egypt),29.2788889,30.730833299999997
ihrit el gharbiya,Ihrît el Gharbîya(Egypt),29.2788889,30.730833299999997
ihrlerstein,Ihrlerstein(Germany),48.933333000000005,11.866667
ihrowica,Ihrowica(Ukraine),49.69242,25.547435
ihsa'a,Ihsa'a(Ethiopia),14.429167000000001,38.969444
ihsan baloch,Ihsan Baloch(Pakistan),24.518708,67.704362
ihsan colony,Ihsan Colony(Pakistan),33.9997,71.569
ihsan wahan,Ihsan Wahan(Pakistan),27.400215000000003,68.113727
ihsangazi,Ihsangazi(Turkey),41.204319,33.554549
ihsangazilibala,Ihsangazilibala(Turkey),39.876184,34.070625
ihsangazilizir,Ihsangazilizir(Turkey),39.988821,34.039046
ihsanhamidiye,Ihsanhamidiye(Turkey),37.555332,34.106590999999995
ihsaniye,Ihsaniye(Turkey),38.616667,29.95
ihsaniye,Ihsaniye(Turkey),36.997603999999995,30.849725
ihsaniye,Ihsaniye(Turkey),39.966667,29.666666999999997
ihsaniye,Ihsaniye(Turkey),40.245708,27.318346000000002
ihsaniye,Ihsaniye(Turkey),39.296110999999996,30.965833
ihsaniye,Ihsaniye(Turkey),40.758844,38.210196999999994
ihsaniye,Ihsaniye(Turkey),36.916667,34.766667
ihsaniye,Ihsaniye(Turkey),41.241201000000004,28.807567
ihsaniye,Ihsaniye(Turkey),38.166667,28.066667
ihsaniye,Ihsaniye(Turkey),40.690869,29.834721000000002
ihsaniye,Ihsaniye(Turkey),39.210833,30.304444
ihsaniye,Ihsaniye(Turkey),41.118071,30.638951000000002
ihsaniye,Ihsaniye(Turkey),40.967985,35.848808
ihsaniye,Ihsaniye(Turkey),40.003563,36.502181
ihsaniye,Ihsaniye(Turkey),38.221667,32.068333
ihsaniye,Ihsaniye(Turkey),36.856952,32.936019
ihsaniye,Ihsaniye(Turkey),40.846584,31.082581
ihsanlar,Ihsanlar(Turkey),41.539958,32.294242
ihsanli,Ihsanli(Turkey),41.240339,32.992172
ihsanoglu,Ihsanoglu(Turkey),41.532135,32.192682
ihsanpur,Ihsanpur(Pakistan),28.728068,70.291696
ihsanulhamit,Ihsanulhamit(Turkey),39.666667,35.683333000000005
ihsanulhamit,Ihsanulhamit(Turkey),37.316982,35.575065
ihsi,Ihsi(China),23.69644,116.64456200000001
ihsiang,Ihsiang(China),23.333333,100.65
ihsiangching,Ihsiangching(China),23.333333,100.65
ihsieh chia,Ihsieh Chia(Taiwan),23.533333300000002,121.5
ihsien,Ihsien(China),29.928851,117.946378
ihsien,Ihsien(China),39.3475,115.492778
ihsien,Ihsien(China),41.533611,121.248056
ihsien,Ihsien(China),34.757778,117.58
ihsienchengkuan,Ihsienchengkuan(China),39.3475,115.492778
ihsienchia,Ihsienchia(Taiwan),23.533333300000002,121.5
ihsientsun,Ihsientsun(Taiwan),24.75,121.7
ihsiken,Ihsiken(China),52.933333,125.66666699999999
ihsin,Ihsin(Taiwan),23.345,120.30055559999998
ihsing,Ihsing(China),31.783333000000002,117.36666699999999
ihsing,Ihsing(China),31.370527000000003,119.870271
ihsing,Ihsing(Taiwan),23.345,120.30055559999998
ihsingchai,Ihsingchai(China),32.766667,116.11666699999999
ihsingchen,Ihsingchen(China),32.015479,121.44028300000001
ihsingcheng,Ihsingcheng(China),31.370527000000003,119.870271
ihsingchi,Ihsingchi(China),31.783333000000002,117.36666699999999
ihsingfou,Ihsingfou(China),39.199166999999996,117.21138899999998
ihsinghsien,Ihsinghsien(China),31.370527000000003,119.870271
ihsingshe,Ihsingshe(Taiwan),24.7,121.2
ihsintsun,Ihsintsun(Taiwan),23.345,120.30055559999998
ihsu,Ihsü(China),26.0,119.33333300000001
ihsuanchia,Ihsüanchia(Taiwan),23.533333300000002,121.5
ihsueh,Ihsüeh(China),32.877221999999996,108.26361100000001
ihsuehhsia,Ihsüehhsia(Taiwan),25.05,121.41666670000001
ihsuehtsun,Ihsüehtsun(Taiwan),25.05,121.41666670000001
ihsuuj,Ihsuuj(Mongolia),48.2333333,106.28333329999998
ihtamilat,Ihtamilat(Syrian Arab Republic),36.5633333,37.2488889
ihtamir,Ihtamir(Mongolia),47.5,100.8666667
ihtaymilat,Ihtaymilat(Syrian Arab Republic),36.5633333,37.2488889
ihteimlate,Ihteïmlâte(Syrian Arab Republic),36.5633333,37.2488889
ihtik,Ihtik(Turkey),39.636328000000006,38.82182
ihtiman,Ihtiman(Bulgaria),42.4333333,23.8166667
ihtiyar,Ihtiyar(Turkey),39.513940999999996,43.272866
ihu,Ihu(Papua New Guinea),-7.9166667,145.4
ihu,Ihú(Paraguay),-24.983333,-55.983332999999995
ihua,Ihua(Kenya),-0.4333333,36.8833333
ihua,Ihua(Nigeria),7.0833330000000005,8.7
ihuanco,Ihuanco(Peru),-13.016666699999998,-76.4666667
ihuang,Ihuang(China),27.545659000000004,116.214565
ihuanghsien,Ihuanghsien(China),27.545659000000004,116.214565
ihuanghsiencheng,Ihuanghsiencheng(China),27.545659000000004,116.214565
ihuantzio,Ihuantzio(Mexico),19.566667000000002,-101.583333
ihuari,Ihuari(Peru),-11.1891667,-76.95138890000001
ihuatzio,Ihuatzio(Mexico),19.566667000000002,-101.583333
ihuayllullo,Ihuayllullo(Peru),-14.227777800000002,-71.29888890000001
ihube,Ihube(Nigeria),5.861117,7.37373
ihubogo,Ihubogo(Nigeria),5.178623,6.663374
ihubulu,Ihubulu(Nigeria),5.086925,6.6047
ihud gebeya,Ihud Gebeya(Ethiopia),9.016667,34.533333
ihugamni,Ihugamni(Korea),35.064167,126.09888899999999
ihugamri,Ihugamri(Korea),35.064167,126.09888899999999
ihugh,Ihugh(Nigeria),7.016667,9.033333
ihugi,Ihugi(Tanzania),-3.6666667,33.0666667
ihuibe,Ihuibe(Nigeria),5.980508,7.6930369999999995
ihula,Ihula(Congo),-0.983333,29.016666999999998
ihula,Ihula(Zaire),-0.9833333000000001,29.016666700000002
ihum,Ihum(Brazil),-21.583333,-56.716667
ihuma,Ihuma(Nigeria),7.4015,8.8138
ihumba,Ihumba(Tanzania),-3.0,32.8666667
ihumbaw,Ihumbaw(Nigeria),6.7,2.85
ihumudum,Ihumudum(Nigeria),6.745013,6.1132230000000005
ihumwa,Ihumwa(Tanzania),-6.1666667,35.8833333
ihun,Ihun(Brazil),-21.583333,-56.716667
ihunbo,Ihunbo(Nigeria),6.7,2.85
ihunga,Ihunga(Uganda),1.6530556,31.720555600000004
ihunga,Ihunga(Uganda),-0.8308333000000001,30.181944399999995
ihungdong,Ihungdong(Korea),37.4019,128.0494
ihungu,Ihungu(Uganda),1.6530556,31.720555600000004
ihunsa,Ihunsa(Nigeria),6.683333,2.7833330000000003
ihuo,Ihuo(Nigeria),5.566667,7.1
ihuokopara,Ihuokopara(Nigeria),6.3112,7.6777
ihura,Ihura(Nigeria),7.2149,8.2407
ihuririo,Ihuririo(Kenya),-0.55,36.8833333
ihururu,Ihururu(Kenya),-0.41666670000000006,36.8833333
ihurururu,Ihurururu(Kenya),-0.41666670000000006,36.8833333
ihusi,Ihusi(Congo),-2.083333,28.9
ihusi,Ihusi(Zaire),-2.0833333,28.9
ihuta,Ihuta(China),43.121111,122.2375
ihutientsun,Ihutientsun(China),31.239721999999997,120.646667
ihutu,Ihutu(China),43.121111,122.2375
ihwa,Ihwa(Egypt),29.044444399999996,31.0027778
ihwa,Ihwa(Korea (Democratic People's Republic of)),39.788888899999996,124.555
ihwa,Ihwa(Tanzania),-7.0333333,36.5
ihwachon,Ihwachon(Korea (Democratic People's Republic of)),38.6672222,125.3586111
ihwachon,Ihwachon(Korea),36.35,126.933333
ihwadong,Ihwadong(Korea (Democratic People's Republic of)),39.65,126.88333329999999
ihwadong,Ihwadong(Korea (Democratic People's Republic of)),37.8252778,126.09055559999999
ihwadong,Ihwadong(Korea (Democratic People's Republic of)),38.6872222,126.25388889999999
ihwadong,Ihwadong(Korea (Democratic People's Republic of)),40.1,125.43333329999999
ihwadong,Ihwadong(Korea (Democratic People's Republic of)),39.199722200000004,126.12083329999999
ihwadong,Ihwadong(Korea),37.58011,127.0026
ihwadong,Ihwadong(Korea),37.051389,127.031944
ihwagi,Ihwagi(Kenya),-0.45,37.15
ihwah,Ihwah(Egypt),29.044444399999996,31.0027778
ihwajong,Ihwajong(Korea),36.4641,126.8876
ihwang,Ihwang(China),27.545659000000004,116.214565
ihwanghsien,Ihwanghsien(China),27.545659000000004,116.214565
ihwangni,Ihwangni(Korea),37.1606,127.58315
ihwangri,Ihwangri(Korea),37.1606,127.58315
ihwapo,Ihwapo(Korea (Democratic People's Republic of)),39.788888899999996,124.555
ihwari,Ihwari(Korea (Democratic People's Republic of)),39.79,124.56944440000001
ihwari,Ihwari(Korea),37.583333,126.75
ihwari,Ihwari(Korea),37.035278000000005,126.790278
ihwari,Ihwari(Korea),36.0875,128.1335
ihwari,Ihwari(Korea),36.4641,126.8876
ihy,Ihy(Belgium),50.366667,3.9666669999999997
ihyangdong,Ihyangdong(Korea (Democratic People's Republic of)),41.396666700000004,129.5277778
ihyangni,Ihyangni(Korea (Democratic People's Republic of)),41.396666700000004,129.5277778
ihyeon,Ihyeon(Korea),37.313889,127.10083300000001
ihyeonri,Ihyeonri(Korea),37.099444,127.213333
ihyev,Ihyev(Nigeria),7.85,8.516667
ihyi,Ihyi(Niger),14.9,8.35
ihyolli,Ihyolli(Korea),37.099444,127.213333
ihyolli,Ihyolli(Korea),36.295133,129.181175
ihyon,Ihyon(Korea (Democratic People's Republic of)),37.9166667,125.56666670000001
ihyon,Ihyon(Korea (Democratic People's Republic of)),39.7666667,124.93333329999999
ihyon,Ihyon(Korea (Democratic People's Republic of)),39.59861110000001,126.2594444
ihyon,Ihyon(Korea),37.176,128.6703
ihyon,Ihyon(Korea),37.7775,126.394167
ihyon,Ihyon(Korea),37.313889,127.10083300000001
ihyon,Ihyon(Korea),36.298,129.1762
ihyoncham,Ihyoncham(Korea (Democratic People's Republic of)),40.028611100000006,126.09333329999998
ihyonchon,Ihyonchon(Korea (Democratic People's Republic of)),40.716944399999996,129.2975
ihyondong,Ihyondong(Korea),36.298,129.1762
ihyondong,Ihyondong(Korea),36.410063,127.46181399999999
ihyongyo,Ihyongyo(Korea (Democratic People's Republic of)),39.6822222,125.27416670000001
ihyonni,Ihyonni(Korea (Democratic People's Republic of)),38.5158333,124.7963889
ihyonni,Ihyonni(Korea (Democratic People's Republic of)),38.9333333,125.96666670000002
ihyonni,Ihyonni(Korea (Democratic People's Republic of)),38.8666667,125.3
ihyonsangdong,Ihyonsangdong(Korea (Democratic People's Republic of)),38.8711111,125.3011111
ihyungwa,Ihyungwa(Nigeria),7.4462,8.7761
