mza,Mza(Chad),11.516666699999998,15.166666699999999
mzab,Mzab(Morocco),34.260751,-4.9443980000000005
mzabibo,Mzabibo(Tanzania),-4.9833333,39.716666700000005
mzagrou,Mzagrou(Morocco),33.983311,-3.876201
mzaible,Mzaïblé(Syrian Arab Republic),34.7666667,36.35
mzaimid,Mzaïmid(Mauritania),15.666666699999999,-7.0333333
mzaiouate,Mzaiouate(Morocco),31.896041999999998,-9.106714
mzairaa,Mzaïraâ(Syrian Arab Republic),36.85,40.7
mzairaa,Mzaïraâ(Syrian Arab Republic),35.5166667,36.0666667
mzairib,Mzaïrîb(Syrian Arab Republic),32.711111100000004,36.025555600000004
mzakhva,Mzakhva(Georgia),43.1361111,40.5763889
mzal,Mzal(Morocco),30.568322,-8.036436
mzala,Mzala(Morocco),35.86,-5.4
mzala chichaoua,Mzala Chichaoua(Morocco),31.543514000000002,-8.762744999999999
mzalangwe,Mzalangwe(Malawi),-11.6,33.5666667
mzale,Mzalé(Gabon),-0.1666667,10.766666699999998
mzalwaneni,Mzalwaneni(South Africa),-30.88555,29.240409999999997
mzama,Mzama(Malawi),-13.633333300000002,33.3
mzama,Mzama(Zambia),-13.583333300000001,32.4
mzambaraoni,Mzambaraoni(Tanzania),-5.0333333,39.7333333
mzambarauni,Mzambarauni(Tanzania),-5.0333333,39.7333333
mzambazi,Mzambazi(Malawi),-11.433333300000001,33.45
mzambia,Mzambia(Tanzania),-4.8,38.783333299999995
mzambiazi,Mzambiazi(Tanzania),-5.116666700000001,38.4
mzamborauni,Mzamborauni(Tanzania),-5.383333299999999,39.6333333
mzamu,Mzamu(Malawi),-12.133333300000002,33.3333333
mzandu,Mzandu(Malawi),-13.483333300000002,34.0166667
mzanga,Mzanga(Tanzania),-4.9016667,30.5822222
mzangwa,Mzangwa(Zambia),-9.733333300000002,32.8333333
mzantsi,Mzantsi(South Africa),-32.266667,28.433333
mzany,Mzany(Czechia),50.295343,15.676156
mzapawi,Mzapawi(Zambia),-13.6,32.283333299999995
mzar,Mzar(Syrian Arab Republic),35.5,35.9166667
mzar zarhbar,Mzar Zarhbar(Syrian Arab Republic),33.2683333,36.33694439999999
mzara,Mzara(Tunisia),36.716667,9.166667
mzara sidi goulea,Mzara Sidi Goulea(Algeria),36.663888899999996,7.5583333
mzarak kala,Mzarak Kala(Afghanistan),33.284325,69.826137
mzarak kala,Mzarak Kala(Afghanistan),33.284325,69.826137
mzarakkala,Mzarakkala(Afghanistan),33.284325,69.826137
mzarcha,Mzarcha(Morocco),34.192624,-3.515354
mzarda,Mzarda(Morocco),33.875802,-4.118395
mzaret djelma,Mzaret Djelma(Algeria),36.8,7.6666667
mzaret djelmna,Mzaret Djelmna(Algeria),36.8,7.6666667
mzaret el radjai,Mzaret el Radjaï(Algeria),35.7333333,4.7166667
mzaret sidi maatallah,Mzaret Sidi Maatallah(Algeria),35.9733333,7.522777799999999
mzarqatriye,Mzârqatrîyé(Syrian Arab Republic),35.5,35.9166667
mzas,Mzas(Russian Federation),53.5025,87.7818
mzase,Mzase(Tanzania),-6.5333333,36.3166667
mzata,Mzata(Algeria),35.216666700000005,6.3166667
mzata,Mzata(Algeria),37.029166700000005,6.3680556
mzata,Mzata(Tunisia),33.521367,10.082367
mzati,Mzati(Malawi),-13.65,33.6666667
mzawa,Mzawa(Tanzania),-8.5,33.8666667
mzayhimah,Mzayhimah(Lebanon),34.6,36.1333333
mzaymid,Mzaymid(Mauritania),15.666666699999999,-7.0333333
mzcheta,Mzcheta(Georgia),41.843888899999996,44.7163889
mzdowko,Mzdowko(Poland),54.16464200000001,16.776951999999998
mzdowo,Mzdowo(Poland),54.152015000000006,16.7787
mzefroun,Mzefroun(Morocco),34.832893,-5.754988
mzegeni,Mzegeni(Tanzania),-6.9833333,37.6
mzegezi,Mzegezi(Tanzania),-6.9833333,37.6
mzell,Mzell(Czechia),50.298660999999996,15.07709
mzema,Mzema(Nigeria),7.45,8.2
mzembe,Mzembe(Kenya),-1.6666667000000002,38.3333333
mzembe,Mzembe(South Africa),-31.089957000000002,29.068307
mzembela,Mzembela(Malawi),-13.916666699999999,34.466666700000005
mzembera,Mzembera(Malawi),-13.933333300000001,33.9166667
mzemt,Mzemt(Morocco),30.766088,-9.144225
mzenga,Mzenga(Tanzania),-6.9333333,38.716666700000005
mzenje,Mzenje(Zambia),-14.0333333,30.3333333
mzensk,Mzensk(Russian Federation),53.27656700000001,36.573337
mzenzi,Mzenzi(Zimbabwe),-19.4833333,27.05
mzereli,Mzereli(Cameroon),11.55,14.85
mzerguia,Mzerguia(Morocco),30.48,-9.25
mzerib,Mzérib(Syrian Arab Republic),32.711111100000004,36.025555600000004
mzet'amze,Mzet'amze(Georgia),41.7958333,43.514444399999995
mzewe,Mzewe(Zambia),-14.066666699999999,32.8666667
mzhakino,Mzhakino(Russian Federation),54.5275,40.3396
mzhan,Mzhan(Albania),41.98111110000001,20.1958333
mzhavisi,Mzhavisi(Georgia),41.7416667,44.3558333
mzi,Mzi(Albania),42.216111100000006,20.1291667
mziani,Mziani(Georgia),41.9833333,42.1166667
mzid,Mzid(Algeria),36.65,4.6666667
mziha,Mziha(Tanzania),-5.9,37.783333299999995
mzikamanda,Mzikamanda(Malawi),-13.916666699999999,34.35
mzikamla,Mzikamla(Malawi),-13.883333300000002,34.3166667
mzikaola,Mzikaola(Malawi),-13.7833333,32.8166667
mzikowoola,Mzikowoola(Malawi),-12.1,33.533333299999995
mzilanga,Mzilanga(South Africa),-31.6,29.35
mzilikazi,Mzilikazi(Zimbabwe),-19.5833333,27.133333299999997
mzille,Mzillë(Albania),41.4927778,19.783333300000002
mzimba,Mzimba(Malawi),-11.9,33.6
mzimba,Mzimba(Zambia),-13.116666699999998,32.9166667
mzimba muwi soko,Mzimba Muwi Soko(Malawi),-11.7833333,33.5
mzindo,Mzindo(Malawi),-13.983333300000002,33.4333333
mzineche,Mzineche(Morocco),34.825539,-4.996519999999999
mzinga,Mzinga(Malawi),-13.933333300000001,33.2
mzinga,Mzinga(Tanzania),-6.883333299999999,37.6166667
mzinga,Mzinga(Tanzania),-4.75,38.466666700000005
mzingani,Mzingani(Tanzania),-5.116666700000001,39.716666700000005
mzingani,Mzingani(Tanzania),-6.1666667,39.3
mzinge,Mzinge(Tanzania),-7.3333333,37.8
mzingi,Mzingi(Tanzania),-4.7666667,39.0833333
mzingwa,Mzingwa(Malawi),-13.7833333,33.65
mzingwa,Mzingwa(Malawi),-13.933333300000001,33.2
mzinti,Mzinti(South Africa),-25.697154,31.746219
mzintlana,Mzintlana(South Africa),-31.404443,29.510181
mzintlava,Mzintlava(South Africa),-31.404443,29.510181
mzintlavana,Mzintlavana(South Africa),-31.404443,29.510181
mzinya,Mzinya(South Africa),-31.90796,28.448602
mziphewi,Mziphewi(South Africa),-32.416667,28.016666999999998
mzira,Mzira(Malawi),-13.433333300000001,33.6
mzisa,Mzisa(Russian Federation),43.637716999999995,41.877280999999996
mziseuli,Mziseuli(Georgia),43.0269444,41.291388899999994
mziskana,Mziskana(Georgia),42.3638889,44.841666700000005
mzita,Mzita(Algeria),36.5,4.7833333
mziu,Mziu(Albania),42.216111100000006,20.1291667
mziuri,Mziuri(Georgia),42.6194444,41.734444399999994
mziwaziwa,Mziwaziwa(Tanzania),-6.8,38.9
mzizel,Mzizel(Morocco),32.235711,-4.72583
mzizel tillichte,Mzizel Tillichte(Morocco),32.235711,-4.72583
mzizi,Mzizi(Malawi),-13.333333300000001,33.9
mzizil tillechte,Mzizil Tillechte(Morocco),32.235711,-4.72583
mzizima,Mzizima(Tanzania),-5.0333333,39.7333333
mzizima,Mzizima(Tanzania),-5.2166667,39.033333299999995
mzizima,Mzizima(Tanzania),-5.4333333,39.7
mzizou,Mzizou(Morocco),34.891819,-5.628755
mzizovice,Mzizovice(Czechia),49.834436,14.821373999999999
mzkupa,Mzkupa(Zambia),-13.766666699999998,31.316666700000003
mzmin,Mzmin(Russian Federation),67.0,-172.416667
mzoma,Mzoma(Malawi),-12.15,33.35
mzoma miti,Mzoma Miti(Malawi),-12.116666699999998,33.6166667
mzombe,Mzombe(Tanzania),-8.483333300000002,35.7333333
mzomu,Mzomu(Zambia),-12.433333300000001,33.283333299999995
mzomwa,Mzomwa(Zambia),-14.2166667,31.4
mzondeki,Mzondeki(South Africa),-30.623397999999998,27.634849
mzonga,Mzonga(South Africa),-32.285761,28.659534000000004
mzonyane,Mzonyane(South Africa),-31.843035999999998,29.190669
mzoole,Mzoole(Zambia),-13.3,32.7
mzouad,Mzouad(Morocco),30.582241999999997,-7.68232
mzouazia,Mzouazia(Mayotte),-12.9255556,45.101111100000004
mzouda,Mzouda(Morocco),31.581428000000002,-8.494968
mzoudia,Mzoudia(Morocco),31.581428000000002,-8.494968
mzoueh,Mzoueh(Nigeria),7.1,8.583333
mzoufroun,Mzoufroun(Morocco),34.832893,-5.754988
mzoura,Mzoura(Morocco),34.313054,-5.939755
mzouria,Mzouria(Algeria),35.688888899999995,4.475
mzouzia,Mzouzia(Algeria),35.588333299999995,7.848888900000001
mzouzit,Mzouzit(Morocco),30.971047,-8.240646
mzouzite,Mzouzite(Morocco),30.971047,-8.240646
mzowa,Mzowa(Malawi),-13.683333300000001,33.533333299999995
mzoweza,Mzoweza(Malawi),-13.116666699999998,33.5666667
mzoza,Mzoza(Malawi),-12.3,34.033333299999995
mzuma,Mzuma(Malawi),-13.7,33.3666667
mzumacalo,Mzumacalo(Malawi),-13.516666699999998,33.0833333
mzumanzi,Mzumanzi(Malawi),-13.883333300000002,33.716666700000005
mzumara,Mzumara(Malawi),-12.816666699999999,33.6833333
mzumbane,Mzumbane(South Africa),-31.267390000000002,29.212260999999998
mzumbe,Mzumbe(Tanzania),-6.9333333,37.5666667
mzumbizi,Mzumbizi(Tanzania),-5.4,38.6666667
mzumbwa,Mzumbwa(Zambia),-13.7166667,31.45
mzumwa,Mzumwa(Zambia),-13.916666699999999,31.633333299999997
mzundu,Mzundu(Tanzania),-5.5,38.35
mzungu,Mzungu(Nigeria),7.183333,8.516667
mzungunika,Mzungunika(Malawi),-12.55,33.4833333
mzungunika,Mzungunika(Zambia),-11.7,33.283333299999995
mzunguwazara,Mzunguwazara(Tanzania),-5.2166667,38.1166667
mzurikaja,Mzurikaja(Tanzania),-6.4333333,39.55
mzurki,Mzurki(Poland),51.422315000000005,19.492739
mzurow,Mzurow(Poland),50.66341,19.507217999999998
mzurowa,Mzurowa(Poland),50.721244,20.343073999999998
mzuzanto,Mzuzanto(South Africa),-31.071047999999998,28.869501
mzuzu,Mzuzu(Malawi),-11.45,33.9166667
mzwakazi,Mzwakazi(South Africa),-31.034608000000002,29.290309999999998
mzwane konzzhi,Mzwane Konzzhi(Georgia),41.6938889,41.707222200000004
mzwini,Mzwini(South Africa),-32.7,28.05
mzy,Mzy(Russian Federation),54.850712,34.006001
mzya verene,Mzya Verene(Latvia),56.783333299999995,25.283333300000002
mzyki,Mzyki(Poland),50.611936,19.080243
mzzou,Mzzou(Morocco),34.891819,-5.628755
mzzougt,Mzzougt(Morocco),30.247740000000004,-7.430119
