tza aquilom,Tza Aquilom(Mexico),16.7,-92.416667
tzabadha,Tzabádha(Greece),39.2777778,21.0638889
tzabal,Tzábal(Guatemala),15.433333,-91.55
tzacata,Tzacata(Mexico),20.75,-89.65
tzacuala,Tzacuala(Mexico),20.2,-98.2
tzacuala,Tzacuala(Mexico),18.540278,-97.079167
tzacualocan,Tzacualocan(Mexico),19.7,-98.916667
tzada,Tzada(Ethiopia),14.146595000000001,39.193695
tzada addi,Tzada Addi(Eritrea),14.881944400000002,38.362777799999996
tzada beit,Tzada Beit(Ethiopia),14.5725,38.2225
tzada christian,Tzada Christian(Eritrea),15.3338889,38.85055560000001
tzada medri,Tzada Medri(Ethiopia),14.433056,38.065278
tzada uallaca,Tzada Uallaca(Ethiopia),14.278507999999999,38.595374
tzada uollaca,Tzada Uollacà(Ethiopia),14.278507999999999,38.595374
tzada-cristian,Tzada-Cristian(Eritrea),15.3338889,38.85055560000001
tzadhos,Tzádhos(Greece),37.5666667,25.1833333
tzafougaltz,Tzafougaltz(Morocco),35.711028000000006,-5.66651
tzaghkaber,Tzaghkaber(Armenia),40.7986111,44.1072222
tzaghkahovit,Tzaghkahovit(Armenia),40.6361111,44.2230556
tzaghkavan,Tzaghkavan(Armenia),40.9419444,45.3311111
tzaghkunk,Tzaghkunk(Armenia),40.5830556,44.8694444
tzagramtz,Tzagramtz(Morocco),35.787688,-5.470904
tzailon,Tzáïlon(Greece),38.0166667,21.6
tzajala,Tzajalá(Mexico),16.6,-92.466667
tzajalchen,Tzajalchén(Mexico),16.880556,-92.355556
tzajalhucum,Tzajalhucum(Mexico),16.986110999999998,-92.366667
tzajalnich,Tzajalnich(Mexico),16.566667000000002,-92.166667
tzajcab,Tzajcab(Guatemala),14.983332999999998,-91.2
tzakkar,Tzakkar(Armenia),40.167777799999996,45.1991667
tzalam,Tzalam(Mexico),20.8,-88.883333
tzalamabaj,Tzalamabaj(Guatemala),14.966667000000001,-91.06666700000001
tzalamabaj,Tzalamabaj(Guatemala),14.583332999999998,-91.15
tzalamtum,Tzalamtum(Guatemala),15.566667,-89.8
tzalanabaj,Tzalanabaj(Guatemala),14.583332999999998,-91.15
tzalbal,Tzalbal(Guatemala),15.456110999999998,-91.210833
tzalm,Tzalm(Mexico),20.8,-88.883333
tzama,Tzamá(Mexico),20.866667,-88.233333
tzamab,Tzamab(Namibia),-28.133333299999997,19.2333333
tzamalaiika,Tzamalaíika(Greece),37.05,22.783333300000002
tzamali,Tzamalí(Greece),38.5166667,22.95
tzamalion,Tzamálion(Greece),38.5166667,22.95
tzamarellata,Tzamarelláta(Greece),38.45,20.533333300000002
tzambisisi,Tzambisisi(Congo),-4.1447222,13.031666699999999
tzana ghi,Tzana Ghi(Ethiopia),11.533333,37.833333
tzanata,Tzanáta(Greece),38.1333333,20.75
tzanatzan,Tzanatzán(Guatemala),14.7,-91.31666700000001
tzancquib,Tzancquib(Guatemala),15.0275,-91.237222
tzaneen,Tzaneen(South Africa),-23.833222,30.163505999999998
tzanetata,Tzanetáta(Greece),38.2333333,20.65
tzangala,Tzangala(Ethiopia),12.466667,37.15
tzaniana,Tzanianá(Greece),35.4,23.6833333
tzanimacabaj,Tzanimacabaj(Guatemala),14.883332999999999,-91.06666700000001
tzanixnam,Tzanixnam(Guatemala),14.916667000000002,-91.2
tzanjon,Tzanjón(Guatemala),15.081667000000001,-91.4975
tzanjoyam,Tzanjoyam(Guatemala),14.766667000000002,-91.466667
tzanjuyu,Tzanjuyú(Guatemala),14.916667000000002,-91.533333
tzanjuyub,Tzanjuyub(Guatemala),14.766667000000002,-91.416667
tzanmucubal,Tzanmucubal(Guatemala),14.766667000000002,-91.483333
tzannakiana,Tzannakianá(Greece),35.35,24.6833333
tzannata,Tzannáta(Greece),38.1333333,20.75
tzapada,Tzapáda(Greece),39.2777778,21.0638889
tzapadha,Tzapádha(Greece),39.2777778,21.0638889
tzapembolon,Tzapembolón(Mexico),17.05,-92.5
tzapotitla,Tzapotitla(Mexico),21.266667,-98.4
tzar kaloyan,Tzar Kaloyan(Bulgaria),43.6166667,26.25
tzara,Tzára(Greece),39.298055600000005,20.5219444
tzarevo,Tzarevo(Bulgaria),42.1666667,27.85
tzaritza,Tzaritza(Serbia),42.639167,22.446944000000002
tzarrantz,Tzarrantz(Morocco),35.681878999999995,-5.467219
tzarsko selo,Tzarsko Sélo(Bulgaria),42.1333333,25.2
tzav,Tzav(Armenia),39.0519444,46.4580556
tzavoti,Tzavoti(Mozambique),-25.0,32.0833333
tzaya,Tzayá(Guatemala),15.375278,-91.128333
tzechow,Tzechow(China),36.355278000000006,114.376944
tzechow,Tzechow(China),29.780617,104.852242
tzechung,Tzechung(China),29.780617,104.852242
tzechunghsien,Tzechunghsien(China),29.780617,104.852242
tzechwan,Tzechwan(China),36.65,117.933333
tzecuzama,Tzecuzama(Mexico),20.65,-89.3
tzedia,Tzedia(Ethiopia),13.983873,39.217208
tzeferemini,Tzeferemíni(Greece),37.1666667,21.9833333
tzegregra,Tzegregra(Morocco),35.147502,-4.186335
tzehing,Tzehing(China),25.970479,113.245994
tzehotien,Tzehotien(China),36.8,118.36666699999999
tzehsien,Tzehsien(China),36.355278000000006,114.376944
tzehsinghsien,Tzehsinghsien(China),25.970479,113.245994
tzehu,Tzehu(China),31.742890999999997,118.50555700000001
tzejabad-e golaneh,Tzejabad-e Golaneh(Iran (Islamic Republic of)),35.776358,46.990831
tzekam,Tzekam(China),23.644422,115.172601
tzekamhsien,Tzekamhsien(China),23.644422,115.172601
tzeki,Tzeki(China),29.98232,121.44018100000001
tzeki,Tzeki(China),27.7,117.08333300000001
tzekianghsien,Tzekianghsien(China),27.061111,106.96083300000001
tzekihsien,Tzekihsien(China),27.7,117.08333300000001
tzekiu,Tzekiu(China),30.416666999999997,110.71666699999999
tzekung,Tzekung(China),29.341621999999997,104.776887
tzekwei,Tzekwei(China),31.016666999999998,110.58333300000001
tzekweihsien,Tzekweihsien(China),31.016666999999998,110.58333300000001
tzeli,Tzeli(China),29.424442,111.120131
tzeliang,Tzeliang(China),23.056944,110.66361100000002
tzelihsien,Tzelihsien(China),29.424442,111.120131
tzeliuching,Tzeliuching(China),29.341621999999997,104.776887
tzeliutsing,Tzeliutsing(China),29.341621999999997,104.776887
tzellim beit,Tzellim Beit(Ethiopia),14.511389000000001,38.295
tzeltaj,Tzeltaj(Guatemala),15.734167000000001,-91.4725
tzemul,Tzemul(Mexico),21.2,-89.3
tzendafel,Tzendafel(Morocco),35.415753,-6.052944
tzenin,Tzenin(Morocco),35.397728,-5.729914
tzermiadhes,Tzermiádhes(Greece),35.2036111,25.484722199999997
tzermiadhon,Tzermiádhon(Greece),35.2036111,25.484722199999997
tzermiado,Tzermiádo(Greece),35.2036111,25.484722199999997
tzermiadon,Tzermiádon(Greece),35.2036111,25.484722199999997
tzeshansu,Tzeshansu(China),25.959953,115.541223
tzetunghsien,Tzetunghsien(China),31.636255,105.155024
tzevie,Tzevie(Togo),6.4261111,1.2133333
tzeyang,Tzeyang(China),35.552778,116.82861100000001
tzeyang,Tzeyang(China),32.518333,108.530556
tzeyang,Tzeyang(China),30.121083000000002,104.648106
tzeyanghsien,Tzeyanghsien(China),30.121083000000002,104.648106
tzeyanhsien,Tzeyanhsien(China),32.518333,108.530556
tzeyunhsien,Tzeyünhsien(China),25.75,106.08333300000001
tzeyuyi,Tzeyuyi(China),39.6,118.5
tzhatsk,Tzhatsk(Russian Federation),55.70691,78.18509
tzhernyshkovskiy,Tzhernyshkovskiy(Russian Federation),48.421875,42.230825
tzhuau,Tzhuau(Venezuela (Bolivarian Republic of)),6.2166667,-61.15
tziaja,Tziajá(Guatemala),15.55,-91.9
tzicalecoyan,Tzicalecoyan(Mexico),18.6,-100.166667
tzicatecoyan,Tzicatecoyan(Mexico),18.6,-100.166667
tzicatlacoyan,Tzicatlacoyan(Mexico),18.833333,-98.033333
tzicatlan,Tzicatlán(Mexico),18.45,-98.758333
tzicatlan,Tzicatlán(Mexico),20.683332999999998,-98.216667
tzicojach,Tzicojach(Guatemala),15.528332999999998,-91.064167
tzicuilan,Tzicuilán(Mexico),20.016667,-97.5
tzijay,Tzijay(Mexico),20.65,-99.3875
tzikane,Tzikané(Togo),6.5333333,1.05
tzikidhes,Tzíkidhes(Greece),37.7333333,23.466666699999998
tzilam de bravo,Tzilam de Bravo(Mexico),21.4,-88.883333
tzilam gonzalez,Tzilam González(Mexico),21.283333,-88.93333299999999
tzilkar,Tzilkar(Armenia),40.720555600000004,44.2083333
tzimaiika,Tzimaíika(Greece),40.6802778,22.575277800000002
tzimatzatz,Tzimatzatz(Guatemala),15.083332999999998,-90.916667
tzimbac,Tzimbac(Mexico),17.233333,-93.25
tzimbacnha,Tzimbacnha(Mexico),17.316667000000002,-93.533333
tzimbacnho,Tzimbacnhó(Mexico),17.316667000000002,-93.533333
tzimol,Tzimol(Mexico),16.266667,-92.266667
tzinacal,Tzinacal(Mexico),15.05,-92.56666700000001
tzinacal buenos aires,Tzinacal Buenos Aires(Mexico),15.05,-92.56666700000001
tzinacapan,Tzinacapan(Mexico),20.05,-97.533333
tzinaioi,Tzinaíoi(Greece),38.1,24.4833333
tzinbacnho,Tzinbacnho(Mexico),17.316667000000002,-93.533333
tzincoatlan,Tzincoatlán(Mexico),20.629167000000002,-98.559722
tzineriana,Tzinerianá(Greece),35.5,23.75
tzineryiana,Tzineryianá(Greece),35.5,23.75
tzingouna,Tzíngouna(Greece),35.216666700000005,25.35
tzini,Tzíni(Greece),39.35,22.3333333
tzinion,Tzínion(Greece),39.35,22.3333333
tzintzingareo,Tzintzingareo(Mexico),19.766667,-100.483333
tzintzun,Tzintzun(Mexico),19.416667,-101.4
tzintzuntzan,Tzintzuntzán(Mexico),19.616667,-101.583333
tziola,Tziola(Costa Rica),9.55,-83.283333
tzipoclaj,Tzipoclaj(Guatemala),15.5,-91.616667
tziquia,Tziquia(Mexico),20.633333,-99.65
tziquina,Tziquiná(Guatemala),15.778332999999998,-91.446389
tzirallum,Tzirallum(Turkey),41.159167,27.8
tziristra,Tzirístra(Greece),37.7333333,22.533333300000002
tzirnias,Tzirniás(Greece),39.1669444,21.1991667
tzise,Tzise(Mexico),21.166667,-88.4
tziskiana,Tziskianá(Greece),35.3166667,23.65
tzitas,Tzitas(Mexico),20.85,-88.516667
tzitbalche,Tzitbalché(Mexico),20.316667000000002,-90.05
tzithra,Tzíthra(Greece),39.2333333,26.0
tzitzantun,Tzitzantún(Mexico),21.25,-89.05
tzitzifes,Tzitzifés(Greece),35.3666667,24.15
tzitzifia,Tzitzifiá(Greece),35.35,23.6
tzitzila,Tzitzilá(Mexico),21.016667,-88.25
tzitzilche,Tzitzilché(Mexico),21.15,-89.68333299999999
tzitzina,Tzítzina(Greece),37.1833333,22.6
tzitzio,Tzitzio(Mexico),19.566667000000002,-100.916667
tzitziraiika,Tzitziraíïka(Greece),39.2802778,21.205
tzitzori,Tzitzóri(Greece),37.0166667,21.966666699999998
tzitzya,Tzitzya(Mexico),21.3,-88.333333
tzivas,Tzívas(Greece),37.466666700000005,22.4
tzixcao,Tzixcao(Mexico),16.079167,-91.658333
tziyanghsien,Tziyanghsien(China),32.518333,108.530556
tzizori,Tzizóri(Greece),37.0166667,21.966666699999998
tznunu,Tznúnu(Guatemala),15.281111,-91.173889
tzocohuite,Tzocohuite(Mexico),21.716667,-98.5
tzocuhuite,Tzocuhuite(Mexico),21.716667,-98.5
tzodzo,Tzodzo(Congo),-1.3905556000000001,16.1408333
tzokotz,Tzokotz(Belize),17.0844444,-89.12611109999999
tzolicab,Tzolicab(Mexico),19.4,-88.666667
tzompahuacan,Tzompahuacán(Mexico),18.533333,-98.68333299999999
tzompantepec,Tzompantepec(Mexico),19.383333,-98.1
tzompoateca,Tzompoateca(Mexico),18.555556,-97.041667
tzon,Tzón(Mexico),20.983333,-89.15
tzonaioi,Tzonaíoi(Greece),38.1,24.4833333
tzonata,Tzonáta(Greece),38.1333333,20.75
tzoncolco,Tzoncolco(Mexico),18.766667,-97.133333
tzonkauich,Tzonkauich(Mexico),21.133333,-88.9
tzonotake,Tzonotaké(Mexico),21.233333,-88.0
tzonotemezo,Tzonotemezo(Mexico),21.041667,-87.95
tzontehuitz,Tzontehuitz(Mexico),16.8375,-92.56666700000001
tzouden,Tzoudèn(Morocco),30.762075,-7.863146
tzoudene,Tzoudene(Morocco),30.762075,-7.863146
tzouika,Tzouika(Morocco),29.91,-9.55
tzoumianika,Tzoumiánika(Greece),36.7333333,22.466666699999998
tzounagh sidi abderrahmane,Tzounagh Sidi Abderrahmane(Morocco),29.717958000000003,-9.830939
tzourtza,Tzoúrtza(Greece),39.5683333,21.257777800000003
tzourtzia,Tzoúrtzia(Greece),39.5683333,21.257777800000003
tzouxani,Tzoúxani(Greece),39.6833333,22.6333333
tzouzen,Tzouzen(Morocco),30.843490000000003,-8.33434
tzouzene,Tzouzene(Morocco),30.843490000000003,-8.33434
tzovagyugh,Tzovagyugh(Armenia),40.633055600000006,44.9522222
tzoyia,Tzóyia(Greece),37.716666700000005,21.4333333
tzoyias,Tzóyias(Greece),37.716666700000005,21.4333333
tzrechnovo,Tzrechnovo(Bulgaria),42.3252778,22.4394444
tzschelln,Tzschelln(Germany),51.45,14.516667000000002
tzschernitz,Tzschernitz(Germany),51.583333,14.616667000000001
tzschocha,Tzschocha(Poland),51.028995,15.302370000000002
tzu,Tzu(China),36.355278000000006,114.376944
tzu shan,Tzu Shan(China),29.963199,122.04597
tzu-supa,Tzu-supa(Myanmar),24.0,98.5166667
tzuan,Tzuan(Taiwan),23.24,120.1111111
tzuanli,Tzuanli(Taiwan),24.75,121.75
tzuantsun,Tzuantsun(Taiwan),23.24,120.1111111
tzuao,Tzuao(China),28.838333000000002,121.27388899999998
tzubuiteel,Tzubuiteel(Mexico),17.008333,-92.06666700000001
tzucacab,Tzucacab(Mexico),20.066667000000002,-89.05
tzucaceb,Tzucaceb(Mexico),20.066667000000002,-89.05
tzuchang,Tzuchang(China),37.136111,109.659722
tzucheng,Tzucheng(China),29.98232,121.44018100000001
tzucheng,Tzucheng(China),36.65,117.933333
tzuchengchen,Tzuchengchen(China),29.98232,121.44018100000001
tzuchengchen,Tzuchengchen(China),23.644422,115.172601
tzuchi,Tzuchi(China),31.216254,118.878074
tzuchi,Tzuchi(China),29.98232,121.44018100000001
tzuchi,Tzuchi(China),27.7,117.08333300000001
tzuchiang,Tzuchiang(China),28.833333000000003,113.41666699999999
tzuchiang,Tzuchiang(China),27.061111,106.96083300000001
tzuchiang,Tzuchiang(Taiwan),23.5833333,120.86666670000001
tzuchianghsintsun,Tzuchianghsintsun(Taiwan),22.8,120.55
tzuchiangtsun,Tzuchiangtsun(China),36.8,112.38333300000001
tzuchiangtsun,Tzuchiangtsun(Taiwan),23.5833333,120.86666670000001
tzuchiao,Tzuchiao(China),37.333333,117.45
tzuchiaochen,Tzuchiaochen(China),37.333333,117.45
tzuchiawu,Tzuchiawu(China),39.795,115.983056
tzuchichen,Tzuchichen(China),31.216254,118.878074
tzuchichieh,Tzuchichieh(China),28.069494,117.784001
tzuchien,Tzuchien(China),34.678889,112.266944
tzuchien,Tzuchien(China),35.333333,111.0
tzuchientsun,Tzuchientsun(China),35.333333,111.0
tzuchihsien,Tzuchihsien(China),29.98232,121.44018100000001
tzuchihsien,Tzuchihsien(China),27.7,117.08333300000001
tzuchikou,Tzuchikou(China),29.614444,106.42888899999998
tzuchiming,Tzuchiming(China),26.483333000000002,99.266667
tzuchin,Tzuchin(China),32.134722,111.305278
tzuchin,Tzuchin(China),23.644422,115.172601
tzuchingkuan,Tzuchingkuan(China),39.42,115.16388899999998
tzuchingkuan,Tzuchingkuan(China),27.15,108.02388899999998
tzuchintung,Tzuchintung(China),32.134722,111.305278
tzuchishih,Tzuchishih(China),26.328889,111.232778
tzuchiu,Tzuchiu(China),30.416666999999997,110.71666699999999
tzuchiu,Tzuchiu(China),35.633333,116.433333
tzuchiwu,Tzuchiwu(China),39.795,115.983056
tzuchou,Tzuchou(China),37.630833,109.99361100000002
tzuchou,Tzuchou(China),29.780617,104.852242
tzuchoutsun,Tzuchoutsun(China),29.584444,119.73611100000001
tzuchu,Tzuchu(China),29.983611,106.74194399999999
tzuchuan,Tzuchuan(China),36.65,117.933333
tzuchuanhsien,Tzuchuanhsien(China),36.65,117.933333
tzuchuhu,Tzuchuhu(China),32.171667,108.909444
tzuchung,Tzuchung(China),31.704721999999997,112.256111
tzuchung,Tzuchung(China),29.780617,104.852242
tzuchunghsien,Tzuchunghsien(China),31.704721999999997,112.256111
tzuchunghsien,Tzuchunghsien(China),29.780617,104.852242
tzuchutukou,TzuchutuKou(China),33.033333,95.866667
tzucle,Tzucle(Mexico),20.283333,-88.5
tzucop,Tzucop(Guatemala),15.433889,-91.37083299999999
tzucox,Tzucox(Mexico),19.0,-87.5875
tzuctzalan,Tzuctzalán(Mexico),21.183332999999998,-88.983333
tzucubal,Tzucubal(Guatemala),14.616667000000001,-91.45
tzucubalbe,Tzucubalbé(Guatemala),14.783332999999999,-91.3
tzudu,Tzudu(Russian Federation),48.633333,134.866667
tzuen,Tzuen(Taiwan),24.2,121.38333329999999
tzuh,Tzuh(Mexico),20.8,-89.43333299999999
tzuhan,Tzuhan(China),37.201111,112.82777800000001
tzuhantsun,Tzuhantsun(China),37.201111,112.82777800000001
tzuho,Tzuho(China),32.046667,111.82611100000001
tzuho,Tzuho(China),29.392636,101.080736
tzuho,Tzuho(Taiwan),22.7666667,120.26666670000002
tzuhochieh,Tzuhochieh(China),36.8,118.36666699999999
tzuhofu,Tzuhofu(China),36.8,118.36666699999999
tzuhopu,Tzuhopu(China),33.005,115.774722
tzuhotien,Tzuhotien(China),36.8,118.36666699999999
tzuhotsun,Tzuhotsun(Taiwan),22.7666667,120.26666670000002
tzuhsi,Tzuhsi(China),31.216254,118.878074
tzuhsi,Tzuhsi(China),30.176405,121.24570200000001
tzuhsi,Tzuhsi(China),27.7,117.08333300000001
tzuhsi,Tzuhsi(China),26.328889,111.232778
tzuhsichen,Tzuhsichen(China),31.216254,118.878074
tzuhsichiao,Tzuhsichiao(China),27.511470000000003,116.949794
tzuhsien,Tzuhsien(China),36.355278000000006,114.376944
tzuhsienchengkuan,Tzuhsienchengkuan(China),36.355278000000006,114.376944
tzuhsin,Tzuhsin(Taiwan),22.7666667,120.26666670000002
tzuhsing,Tzuhsing(China),25.970479,113.245994
tzuhsinghsien,Tzuhsinghsien(China),25.970479,113.245994
tzuhsintsun,Tzuhsintsun(Taiwan),22.7666667,120.26666670000002
tzuhsiunglung,Tzuhsiunglung(Taiwan),23.95,120.81666670000001
tzuhu,Tzuhu(China),31.742890999999997,118.50555700000001
tzuhu,Tzuhu(China),28.732778000000003,112.550556
tzuhu,Tzuhu(China),38.838611,105.66861100000001
tzuhua,Tzuhua(China),28.01228,114.027354
tzuhua,Tzuhua(China),30.776590000000002,111.86599
tzuhua,Tzuhua(Taiwan),25.0833333,121.48333329999998
tzuhuang,Tzuhuang(China),32.263611,108.16083300000001
tzuhuatsun,Tzuhuatsun(Taiwan),25.0833333,121.48333329999998
tzuhuchen,Tzuhuchen(China),31.742890999999997,118.50555700000001
tzuhukou,Tzuhukou(China),28.966666999999998,118.15
tzuhukou,Tzuhukou(China),28.732778000000003,112.550556
tzuhung,Tzuhung(China),37.293333000000004,112.46861100000001
tzuhungchen,Tzuhungchen(China),37.293333000000004,112.46861100000001
tzuhushechihchu,Tzuhushechihchü(China),38.838611,105.66861100000001
tzujan,Tzuján(Guatemala),15.65,-91.616667
tzujun,Tzujun(China),39.303459000000004,112.683575
tzujuntsun,Tzujuntsun(China),39.303459000000004,112.683575
tzukai,Tzukai(China),27.763444,98.711047
tzukan,Tzukan(China),38.671389000000005,112.81277800000001
tzukmuc,Tzukmuc(Mexico),20.6,-88.45
tzukotan,Tzukotan(China),35.595003999999996,99.988324
tzukou,Tzukou(China),26.337249,117.39635600000001
tzukou,Tzukou(China),33.83305,113.582742
tzukou,Tzukou(China),29.688959999999998,114.79476299999999
tzukou,Tzukou(China),32.923333,108.953333
tzukoufang,Tzukoufang(China),26.337249,117.39635600000001
tzukuan,Tzukuan(Taiwan),22.7666667,120.26666670000002
tzukuei,Tzukuei(China),31.016666999999998,110.58333300000001
tzukueihsien,Tzukueihsien(China),31.016666999999998,110.58333300000001
tzukui,Tzukui(China),36.7,109.816667
tzukung,Tzukung(China),29.341621999999997,104.776887
tzukungpowei,Tzukungpowei(Taiwan),25.0166667,121.15
tzukungshih,Tzukungshih(China),29.341621999999997,104.776887
tzula,Tzulá(Guatemala),15.733332999999998,-91.6
tzula,Tzulá(Mexico),21.0,-88.333333
tzulaichiao,Tzulaichiao(China),32.658889,118.37888899999999
tzulaichiaochen,Tzulaichiaochen(China),32.658889,118.37888899999999
tzuli,Tzuli(China),29.424442,111.120131
tzuliang,Tzuliang(China),23.056944,110.66361100000002
tzulianghsu,Tzulianghsü(China),23.056944,110.66361100000002
tzuliangmiao,Tzuliangmiao(Taiwan),23.1766667,120.2061111
tzuliangping,Tzuliangping(China),30.003929,111.210578
tzuliaotsun,Tzuliaotsun(Taiwan),23.0666667,120.26666670000002
tzulihsien,Tzulihsien(China),29.424442,111.120131
tzulingpu,Tzulingpu(China),31.131404999999997,112.21816399999999
tzulingtoutsun,Tzulingtoutsun(China),29.657646000000003,121.330096
tzulintsun,Tzulintsun(China),28.736153,121.404155
tzuliuching,Tzuliuching(China),29.341621999999997,104.776887
tzuliutsing,Tzuliutsing(China),29.341621999999997,104.776887
tzulo,Tzulo(China),37.397222,113.488611
tzulotsun,Tzulotsun(China),37.397222,113.488611
tzulu,Tzulu(China),43.007731,124.140584
tzuluho,Tzuluho(China),32.089166999999996,114.455
tzulung,Tzulung(Taiwan),23.1766667,120.2061111
tzulungli,Tzulungli(Taiwan),23.1766667,120.2061111
tzulungmiao,Tzulungmiao(Taiwan),23.283333300000002,120.45
tzulungting,Tzulungting(Taiwan),23.283333300000002,120.45
tzulushu,Tzulushu(China),43.007731,124.140584
tzulutsun,Tzulutsun(China),43.007731,124.140584
tzum,Tzum(Netherlands),53.157019999999996,5.565734
tzumao,Tzumao(Taiwan),23.6613889,120.3313889
tzumaotsun,Tzumaotsun(Taiwan),23.6613889,120.3313889
tzumenchiao,Tzumenchiao(China),27.515556,112.225278
tzumienhsintsun,Tzumienhsintsun(Taiwan),23.55,119.56666670000001
tzummarum,Tzummarum(Netherlands),53.237984,5.547175
tzumuma,Tzumumá(Guatemala),14.733332999999998,-91.25
tzuna,Tzuná(Guatemala),15.65,-91.666667
tzunantza alto,Tzunantza Alto(Ecuador),-4.0647222,-78.8836111
tzunantza bajo,Tzunantza Bajo(Ecuador),-4.0472222,-78.9202778
tzuncal,Tzuncal(Guatemala),16.066667000000002,-89.583333
tzungui,Tzungüi(Ecuador),-2.3166667000000003,-77.4666667
tzunihu,Tzunihu(China),39.066666999999995,105.4
tzunuma,Tzunumá(Guatemala),14.733332999999998,-91.25
tzununa,Tzununá(Guatemala),14.733332999999998,-91.25
tzununcap,Tzununcap(Guatemala),15.8,-91.56666700000001
tzununil,Tzununil(Mexico),17.058332999999998,-92.6
tzuping,Tzuping(China),26.616667,114.08333300000001
tzupingpu,Tzupingpu(China),31.023701000000003,103.58665400000001
tzupo,Tzupo(China),36.790556,118.06333300000001
tzuposhih,Tzuposhih(China),36.483333,117.83333300000001
tzur-natan,Tzur-Natan(Israel),32.240907,35.013169
tzurullum,Tzurullum(Turkey),41.159167,27.8
tzurumutaro,Tzurumútaro(Mexico),19.55,-101.583333
tzushan,Tzushan(China),25.959953,115.541223
tzushan,Tzushan(China),36.575556,114.110556
tzushan,Tzushan(China),31.880426,112.92073300000001
tzushanhsu,Tzushanhsü(China),25.959953,115.541223
tzushankang,Tzushankang(China),30.909826000000002,119.509499
tzushanshih,Tzushanshih(China),25.959953,115.541223
tzushantsun,Tzushantsun(China),36.575556,114.110556
tzushih,Tzushih(China),30.048491,102.60045
tzushihkou,TzushihKou(China),39.741389,115.406667
tzutangchien,Tzutangchien(China),30.381984999999997,120.74815
tzutanghsu,Tzutanghsu(China),25.52,112.097778
tzutienho,Tzutienho(China),36.8,118.36666699999999
tzuto,Tzuto(China),30.783333000000002,95.883333
tzutouchi,Tzutouchi(Taiwan),23.3166667,120.43333329999999
tzutsaitsun,Tzutsaitsun(China),19.143378,109.267669
tzutsao,Tzutsao(China),24.837778,118.486944
tzutsaowu,Tzutsaowu(China),39.866667,118.1
tzutsun,Tzutsun(China),36.7,112.816667
tzutsungchiao,Tzutsungchiao(Taiwan),22.5666667,120.36666670000001
tzutung,Tzutung(China),31.636255,105.155024
tzutung,Tzutung(Taiwan),23.2816667,120.25388889999999
tzutungchi,Tzutungchi(Taiwan),23.3166667,120.43333329999999
tzutungchiao,Tzutungchiao(Taiwan),22.2536111,120.6552778
tzutungchuang,Tzutungchuang(Taiwan),23.7597222,120.50083329999998
tzutunghsien,Tzutunghsien(China),31.636255,105.155024
tzutungkeng,Tzutungkeng(Taiwan),22.95,120.53333329999998
tzutungli,Tzutungli(Taiwan),24.0666667,120.51666670000002
tzutungliao,Tzutungliao(Taiwan),23.283333300000002,120.25
tzutungtsun,Tzutungtsun(Taiwan),22.2536111,120.6552778
tzutussu,Tzutussu(China),30.182483,112.40878500000001
tzutzuliao,Tzutzuliao(Taiwan),22.966666699999998,120.51666670000002
tzutzulun,Tzutzulun(Taiwan),22.533333300000002,120.95
tzutzuwei,Tzutzuwei(Taiwan),23.783333300000002,120.38333329999999
tzuwei,Tzuwei(China),38.296667,115.20388899999999
tzuweiao,Tzuweiao(China),29.844721999999997,122.00833300000001
tzuwen,Tzuwen(China),38.200833,115.39138899999999
tzuwenchen,Tzuwenchen(China),38.200833,115.39138899999999
tzuwu,Tzuwu(China),33.185,108.040833
tzuwuchen,Tzuwuchen(China),33.185,108.040833
tzuyang,Tzuyang(China),33.058056,118.074722
tzuyang,Tzuyang(China),35.552778,116.82861100000001
tzuyang,Tzuyang(China),32.518333,108.530556
tzuyang,Tzuyang(China),30.121083000000002,104.648106
tzuyangchen,Tzuyangchen(China),33.058056,118.074722
tzuyangcheng,Tzuyangcheng(China),35.552778,116.82861100000001
tzuyanghsien,Tzuyanghsien(China),35.552778,116.82861100000001
tzuyanghsien,Tzuyanghsien(China),32.518333,108.530556
tzuyanghsien,Tzuyanghsien(China),30.121083000000002,104.648106
tzuyao,Tzuyao(China),35.893056,117.097778
tzuyao,Tzuyao(Taiwan),23.8,120.85
tzuyaoerhkan,Tzuyaoerhkan(Taiwan),24.3166667,120.65
tzuyaopu,Tzuyaopu(China),38.05,106.683333
tzuyaosankan,Tzuyaosankan(Taiwan),24.3166667,120.65
tzuying,Tzuying(China),35.495833000000005,112.2425
tzuyingtzu,Tzuyingtzu(China),40.904167,116.17222199999999
tzuyu,Tzuyu(China),38.4525,114.30805600000001
tzuyuan,Tzuyüan(China),38.383333,114.983333
tzuyuan,Tzuyüan(China),26.036667,110.640556
tzuyuan,Tzuyüan(Taiwan),23.966666699999998,121.06666670000001
tzuyuanhsien,Tzuyüanhsien(China),26.25,110.7
tzuyuchen,Tzuyuchen(China),38.4525,114.30805600000001
tzuyun,Tzuyün(China),25.75,106.08333300000001
tzuyunhsien,Tzuyünhsien(China),25.75,106.08333300000001
tzuyunmiaotsupuitsutzuchihhsien,Tzuyünmiaotsupuitsutzuchihhsien(China),25.75,106.08333300000001
tzuyuto,Tzuyuto(China),39.6,118.5
tzuyuto,Tzuyuto(China),41.503056,122.8875
tzuyutsun,Tzuyutsun(Taiwan),24.3,120.9
tzyuchzhan,Tzyuchzhan(China),50.633333,125.83333300000001
